structure_type,word_order,seed,split,perplexity,mean_surp,f1,top_ll_per_word,top_ten_neg_entropy_per_word,top_ll_per_sent,top_ten_neg_entropy_per_sent
no-reduction,000000,3435,cc,32.19557776546345,3.471829106642555,96.74,-77.29432269553264,-0.0060116615614059085,-1175.5307067149993,-0.09142835485664176
no-reduction,000000,3436,cc,32.52512499279198,3.4820128673671102,96.68,-77.6788356754553,-0.006127183534229532,-1181.3785723701467,-0.09318527078032983
no-reduction,000000,3437,cc,32.499512344375574,3.481225084434675,96.92,-77.57957719525291,-0.006071130263247846,-1179.868999773999,-0.09233278460860486
structure-reduction,000000,3435,cc,33.857714121426156,3.522166864722213,96.32,-43.51007666608546,-0.007500242498077692,-524.3399339029997,-0.09038542234433425
structure-reduction,000000,3436,cc,34.81043386348297,3.5499171655056,94.33,-44.10385538518005,-0.007664998746461925,-531.4955612468005,-0.09237089989361266
structure-reduction,000000,3437,cc,34.963899814781506,3.554316095332072,96.85,-44.02529292598932,-0.007828924667187416,-530.5488050511,-0.09434637116427555
linear-reduction,000000,3435,cc,93.54293694763543,4.538420549577295,88.96,-36.72089962223077,-0.010124301509054034,-357.0373070269502,-0.09843858357253236
linear-reduction,000000,3436,cc,96.50613287489726,4.569606559433271,88.73,-36.91313358229429,-0.009100352802401391,-358.90639782065114,-0.0884827302977487
linear-reduction,000000,3437,cc,95.83704157375405,4.562649265503326,88.63,-37.16158843011396,-0.010223290717483614,-361.3221243060006,-0.09940105564609318
no-reduction,000001,3435,cc,33.54860234691831,3.512995203739754,99.42,-79.142192247109,-0.0051085423823491695,-1203.6340307901514,-0.07769326682195733
no-reduction,000001,3436,cc,33.2662913389996,3.5045446121908603,99.47,-78.73637134246631,-0.00517373293144328,-1197.4621035619025,-0.07868471728785512
no-reduction,000001,3437,cc,33.82732790417916,3.5212689936895885,99.27,-79.25665654774964,-0.005006715469309456,-1205.3748611064477,-0.07614463221499287
structure-reduction,000001,3435,cc,35.75676633727882,3.5767395194066864,99.49,-44.74082041452568,-0.006507974370591758,-539.17162681545,-0.07842759914000128
structure-reduction,000001,3436,cc,35.7198864218057,3.5757075763225514,99.41,-44.925484684926744,-0.0062764914969900614,-541.3970159380501,-0.07563799903022723
structure-reduction,000001,3437,cc,36.13697449045908,3.587316565291633,99.42,-44.327714277449935,-0.006528072363934398,-534.1932847575505,-0.07866980005777341
linear-reduction,000001,3435,cc,109.07916600021356,4.69207391218554,90.39,-38.474533530952485,-0.009556847787164124,-374.0878895214492,-0.09292123103459679
linear-reduction,000001,3436,cc,98.67110649627192,4.591792162916585,90.42,-37.89841002092499,-0.007777650677334349,-368.4862406334497,-0.07562209753572188
linear-reduction,000001,3437,cc,104.96556297671259,4.653632324712703,90.67,-38.01381323848095,-0.007946618132213097,-369.6083061177498,-0.07726496809950793
no-reduction,000010,3435,cc,31.73056385152753,3.4572803757343316,96.52,-76.82671243508263,-0.005840102442777222,-1168.4190560689485,-0.08881919800097736
no-reduction,000010,3436,cc,33.18048875478342,3.501962015057165,97.22,-77.92926829020692,-0.006668627644055224,-1185.1872767916002,-0.10141982352461386
no-reduction,000010,3437,cc,32.38164283295475,3.4775916830018283,97.40,-77.39472557255499,-0.00600081406798422,-1177.0576838701993,-0.091263380752938
structure-reduction,000010,3435,cc,34.68632532626495,3.5463455264652017,96.61,-43.91880357567014,-0.006897409391969281,-529.2655018904006,-0.0831206805826218
structure-reduction,000010,3436,cc,34.38237096272414,3.5375439610068566,96.56,-43.69090910781678,-0.007271137154057803,-526.5191456582997,-0.08762447384355057
structure-reduction,000010,3437,cc,34.7177056075845,3.5472498048777283,97.05,-43.95970419371817,-0.00784050161548585,-529.7583952384994,-0.09448588496821995
linear-reduction,000010,3435,cc,98.76647630098314,4.5927582384811,88.15,-37.34601035101806,-0.008307942251161979,-363.11525864295044,-0.08077812250804792
linear-reduction,000010,3436,cc,95.6323862244763,4.560511530726875,88.72,-37.085276220209686,-0.008904680114359105,-360.58014068909984,-0.08658020475191358
linear-reduction,000010,3437,cc,91.10855701634785,4.512051729781753,88.66,-36.705077378890095,-0.00932502238917249,-356.88346735495054,-0.09066719268992413
no-reduction,000011,3435,cc,32.87847650593004,3.492818234136684,99.44,-77.85383464892989,-0.004432437613394383,-1184.0400442582463,-0.06741072744330848
no-reduction,000011,3436,cc,32.331125257648644,3.4760303965027792,99.34,-77.60595893622587,-0.004770450461176117,-1180.2702264816014,-0.07255139583879698
no-reduction,000011,3437,cc,32.68430716450189,3.4868950594865575,99.01,-78.08563828223404,-0.005679026544881466,-1187.56542981535,-0.08636947520782975
structure-reduction,000011,3435,cc,35.861606827685705,3.579667275530225,99.37,-44.67194423414616,-0.007057642792379003,-538.3415999656993,-0.08505165329095936
structure-reduction,000011,3436,cc,35.05887855725416,3.5570288925940106,99.45,-44.17208078696372,-0.006034689954129626,-532.3177455637,-0.07272404863721613
structure-reduction,000011,3437,cc,35.997092251624615,3.583438164405769,99.42,-44.85525135129045,-0.0053726415859909485,-540.5506340344004,-0.06474570375277691
linear-reduction,000011,3435,cc,97.56921497619538,4.580562023337726,90.47,-37.50275339882225,-0.0078029801797600135,-364.6392712967501,-0.07586837628780663
linear-reduction,000011,3436,cc,103.82340815826204,4.642691457429737,90.14,-38.05891568617182,-0.007082532406915776,-370.04683721665015,-0.0688634625924421
linear-reduction,000011,3437,cc,100.34510512925958,4.608615296068204,90.94,-37.90027517908553,-0.008304201268465367,-368.5043755662502,-0.08074174893328877
no-reduction,000100,3435,cc,33.027963243209015,3.497354573656689,97.84,-78.1169099837334,-0.0057437973406025255,-1188.0410254876028,-0.0873545418545535
no-reduction,000100,3436,cc,32.6850792331181,3.4869186812048816,97.25,-77.81014704111107,-0.006450110269768689,-1183.3756212747487,-0.09809650203777713
no-reduction,000100,3437,cc,32.2921699366499,3.474824784018919,97.30,-77.26624377241647,-0.00606011705988055,-1175.1036684128019,-0.09216529030519334
structure-reduction,000100,3435,cc,34.83947341097379,3.550751037374491,96.50,-43.98068404538174,-0.006695161925098395,-530.0112234309005,-0.08068339635936075
structure-reduction,000100,3436,cc,34.5384600873085,3.54207348826515,96.64,-43.822734575503816,-0.00745030055436998,-528.1077743693985,-0.08978357198071264
structure-reduction,000100,3437,cc,34.56077682995205,3.5427194214017548,97.16,-43.55350090697058,-0.007281370917839954,-524.8632394299001,-0.08774780093088928
linear-reduction,000100,3435,cc,97.56555053200772,4.580524465251359,88.91,-37.16918223518956,-0.00994299589809043,-361.3959588727495,-0.09667574911713325
linear-reduction,000100,3436,cc,96.71123220561975,4.571729550890798,88.82,-37.18451192825777,-0.009285515399998591,-361.5450094784509,-0.09028306623418632
linear-reduction,000100,3437,cc,96.61287446979145,4.5707120084228015,88.34,-37.31391222657082,-0.010216715792958232,-362.80316857894945,-0.09933712765493288
no-reduction,000101,3435,cc,33.48036587700457,3.510959173787505,99.49,-78.93294722554805,-0.00528974587133168,-1200.4517278797493,-0.08044910008414786
no-reduction,000101,3436,cc,33.562081766263354,3.513396910851056,99.58,-78.74148250804498,-0.005349427660468816,-1197.539836723601,-0.08135677057423998
no-reduction,000101,3437,cc,32.870915543438436,3.4925882407545625,99.20,-78.30617252186258,-0.0051128834956775246,-1190.919424798748,-0.07775928864401165
structure-reduction,000101,3435,cc,35.974609248832394,3.5828133909724658,99.41,-44.3115651445769,-0.005993735349476561,-533.9986715573007,-0.07223050469654203
structure-reduction,000101,3436,cc,36.077958034563515,3.585682098098478,99.44,-45.05432785911524,-0.006213418510409374,-542.9497050302003,-0.07487790646894336
structure-reduction,000101,3437,cc,35.91933131727352,3.581275627371899,99.36,-44.67824991167956,-0.005736879538928223,-538.4175896856501,-0.06913513532362402
linear-reduction,000101,3435,cc,97.77418118667823,4.5826605461414465,91.00,-37.48670932361921,-0.008022240892749156,-364.48327475355006,-0.07800024820020005
linear-reduction,000101,3436,cc,97.157233858871,4.576330633770595,91.16,-37.70061842735739,-0.008178782473360315,-366.5631129692007,-0.07952230198848233
linear-reduction,000101,3437,cc,103.8199265677375,4.642657923095206,90.90,-38.077271576437404,-0.008226696649206715,-370.2253115377002,-0.07998817152023688
no-reduction,000110,3435,cc,32.5754407083518,3.483558651955518,97.47,-77.61924452874052,-0.006483223391254404,-1180.4722804153491,-0.09860010294589261
no-reduction,000110,3436,cc,32.05420046538845,3.4674282345416088,97.51,-76.77756587824865,-0.005601421797204608,-1167.67161065935,-0.08518922340278628
no-reduction,000110,3437,cc,33.11477354870262,3.4999795135835785,97.62,-77.79057154086203,-0.006071942012024287,-1183.0779072791997,-0.09234513008987136
structure-reduction,000110,3435,cc,34.14638845028243,3.530656824942081,97.08,-43.475407692548295,-0.006186122080506298,-523.9221381029001,-0.07454895719218141
structure-reduction,000110,3436,cc,34.75303146954566,3.548266804739604,97.35,-43.84460575272583,-0.006325523665701994,-528.3713439261,-0.07622888569537471
structure-reduction,000110,3437,cc,35.26527329081664,3.5628987202633664,96.13,-44.15760676276213,-0.007486454046648998,-532.1433190980496,-0.0902192577161671
linear-reduction,000110,3435,cc,92.39596013457049,4.526083256204494,88.59,-36.66746216847696,-0.00888648874220447,-356.51773466410054,-0.08640333004045406
linear-reduction,000110,3436,cc,93.0539064526177,4.533178964502758,89.35,-36.628933785909815,-0.008509706323340391,-356.14312320040074,-0.08273987458183862
linear-reduction,000110,3437,cc,93.39567019338827,4.536844986487744,88.51,-36.86387815443787,-0.009223747773524863,-358.42748729560026,-0.08968249960198224
no-reduction,000111,3435,cc,33.26616650408273,3.50454085958887,99.50,-78.52360076435816,-0.005122713720855638,-1194.2261822247508,-0.077908791623633
no-reduction,000111,3436,cc,32.8354215847685,3.4915078590539927,99.47,-78.19120776696504,-0.005119013126870423,-1189.170983323902,-0.07785251114000882
no-reduction,000111,3437,cc,33.19494930560752,3.5023977350004287,99.59,-78.04073689928977,-0.005512970131385897,-1186.8825471328496,-0.0838440062431824
structure-reduction,000111,3435,cc,35.49908345337472,3.5695068779332777,99.38,-44.59478067061599,-0.006710006774677777,-537.4117018616,-0.08086229164164188
structure-reduction,000111,3436,cc,35.65414151031993,3.573865311510404,99.40,-44.33142089020802,-0.00600052717425273,-534.2379531478985,-0.07231235297691964
structure-reduction,000111,3437,cc,34.942159368029515,3.553694104972237,99.40,-43.91027150938076,-0.00561566118302091,-529.1626819595498,-0.067674332916585
linear-reduction,000111,3435,cc,99.65062668496839,4.601670335499725,91.10,-37.34850326663089,-0.00754287330703799,-363.13949726145,-0.07333935716433038
linear-reduction,000111,3436,cc,94.74988417130658,4.551240621495367,91.29,-37.354197522287265,-0.007535166380512185,-363.19486250920005,-0.07326442271771998
linear-reduction,000111,3437,cc,104.77379625969492,4.651803704932873,91.07,-38.13770472070328,-0.008945726038891847,-370.81290299939906,-0.08697929427614542
no-reduction,001000,3435,cc,32.78148054613433,3.489863738437711,99.11,-74.64655630796524,-0.006813869006477284,-1135.262151609701,-0.10362872678500977
no-reduction,001000,3436,cc,32.68131658711453,3.4868035564236997,99.12,-73.5443764166454,-0.0071574062360124655,-1118.499648732549,-0.10885341274039559
no-reduction,001000,3437,cc,32.738055798343815,3.4885381871114434,98.81,-74.53281588739854,-0.0062252194693412765,-1133.5323304234994,-0.0946762502994768
structure-reduction,001000,3435,cc,35.03069298286601,3.556224619567706,98.27,-41.598081757401886,-0.00795902466357382,-501.29848325844966,-0.09591420622072809
structure-reduction,001000,3436,cc,35.17491085235847,3.560333068593786,98.22,-41.44258456548811,-0.008408320677781864,-499.4245865987002,-0.10132867248794925
structure-reduction,001000,3437,cc,35.63409223323425,3.573302826607596,98.23,-42.02071238737858,-0.007800332786365619,-506.3916049802999,-0.09400181040849208
linear-reduction,001000,3435,cc,98.00107555405897,4.584978453651765,88.13,-36.00584679889948,-0.010810434496859546,-350.08484842569953,-0.10510985461296536
linear-reduction,001000,3436,cc,99.77714109331397,4.6029391099209285,88.33,-36.11029977571222,-0.010155654079812896,-351.1004447192503,-0.09874342461802077
linear-reduction,001000,3437,cc,93.8224478230888,4.541404143191899,87.99,-35.75572428630547,-0.011219387155024437,-347.6529072357499,-0.1090861013083026
no-reduction,001001,3435,cc,32.386386919225245,3.4777381776936425,99.53,-73.99997839185676,-0.005316424978301133,-1125.4286713725505,-0.08085484928249279
no-reduction,001001,3436,cc,32.83224673125693,3.4914111644828147,99.49,-74.06389573077911,-0.005223131277269162,-1126.4007582215518,-0.07943599203034807
no-reduction,001001,3437,cc,33.096777181020194,3.4994359115103073,99.45,-74.30327570962959,-0.005074842670664025,-1130.0413686299007,-0.07718074475679382
structure-reduction,001001,3435,cc,35.20249409581913,3.5611169350888163,99.40,-41.27469015392919,-0.0065929691192336696,-497.40129104499925,-0.07945187085588495
structure-reduction,001001,3436,cc,35.22508383078701,3.5617584376481153,99.41,-41.51608978892616,-0.006214586669687151,-500.3103980463503,-0.07489198395639986
structure-reduction,001001,3437,cc,35.65081328158145,3.57377195954768,99.44,-41.272467570006285,-0.00555275792159822,-497.37450668615116,-0.06691628571318015
linear-reduction,001001,3435,cc,99.41230324553707,4.599275881109029,90.79,-36.488805246482215,-0.009069088247585172,-354.78065341154934,-0.08817874503127063
linear-reduction,001001,3436,cc,99.35234897446264,4.598672612145226,89.59,-36.32126287636045,-0.008946496996232374,-353.15163894685,-0.0869867902943674
linear-reduction,001001,3437,cc,99.39164143691069,4.599068019954827,90.96,-36.48825744300098,-0.008071173170692919,-354.77532711829934,-0.07847601673864725
no-reduction,001010,3435,cc,33.25056885466923,3.5040718753666207,99.15,-74.27359524624357,-0.006712074301260655,-1129.5899733024999,-0.10208058201072266
no-reduction,001010,3436,cc,33.16549571715421,3.501510049862775,99.00,-74.87329926403308,-0.006659817174069739,-1138.7105718570506,-0.10128582949183963
no-reduction,001010,3437,cc,32.91920979672425,3.4940563717760678,98.93,-73.86672851493897,-0.007320178121488676,-1123.4021406194513,-0.11132892896066056
structure-reduction,001010,3435,cc,34.95643934780088,3.5541026962811437,98.38,-41.41485554046921,-0.008294998496680276,-499.0904241181995,-0.099963026883494
structure-reduction,001010,3436,cc,34.76215304219549,3.548529238703241,98.42,-40.92816915632698,-0.007679045785319126,-493.2253665028999,-0.09254018075888079
structure-reduction,001010,3437,cc,35.103102212977426,3.558289508702458,98.33,-40.94165037045083,-0.007868972960317218,-493.3878286142995,-0.0948289931447828
linear-reduction,001010,3435,cc,100.64192069182417,4.611568877545696,88.29,-36.35345132086306,-0.009138037004116526,-353.4646071927498,-0.08884913379102496
linear-reduction,001010,3436,cc,96.80093009634665,4.572656602669704,88.31,-35.86644040497257,-0.01041704277370509,-348.7294000575505,-0.1012849068887346
linear-reduction,001010,3437,cc,99.62543933832943,4.601417547021152,87.92,-36.36565358831131,-0.010732120865523796,-353.5832498391497,-0.10434841117548786
no-reduction,001011,3435,cc,33.13485320982951,3.500585695466382,99.49,-74.60643203180749,-0.005207002737266407,-1134.6519215557478,-0.07919070112971616
no-reduction,001011,3436,cc,32.9867199661781,3.4961050552043718,99.17,-75.03987730479338,-0.005003698008272929,-1141.2439739899469,-0.07609874115881886
no-reduction,001011,3437,cc,32.97047548065289,3.4956124785948415,99.26,-74.77363885737908,-0.005508606620856492,-1137.1948865624506,-0.08377764379329597
structure-reduction,001011,3435,cc,35.718310942139695,3.5756634688359576,99.47,-41.07007943608819,-0.005958198564632112,-494.93552728430024,-0.07180225090238157
structure-reduction,001011,3436,cc,35.29830566262293,3.56383496456132,99.41,-41.30786184504605,-0.005615085167567651,-497.8010430946495,-0.06766739135435776
structure-reduction,001011,3437,cc,35.64112448376346,3.573500153276695,99.41,-41.980834537930576,-0.006052619268543635,-505.9110370165993,-0.07294011480521935
linear-reduction,001011,3435,cc,97.6058784147946,4.580937721265094,90.29,-36.36723927920897,-0.007917570378104755,-353.5986675117506,-0.07698253678631252
linear-reduction,001011,3436,cc,96.91919963882599,4.573877637957418,90.28,-36.25542205543019,-0.007619201920801143,-352.5114686449503,-0.07408150027594951
linear-reduction,001011,3437,cc,94.43166476697037,4.547876448760268,90.15,-36.06475271644033,-0.00806934567115834,-350.65759066195017,-0.07845824796067255
no-reduction,001100,3435,cc,33.323219382665684,3.5062544327592398,99.09,-74.77525259261833,-0.006685152624716199,-1137.219429054848,-0.1016711436929963
no-reduction,001100,3436,cc,32.290045110380234,3.474758981807927,99.08,-73.42012172170146,-0.0069829530090711545,-1116.6099212044985,-0.10620024083845864
no-reduction,001100,3437,cc,32.04081617997305,3.4670105956576376,98.97,-73.2639936712924,-0.006966017425148514,-1114.23544774985,-0.10594267601037118
structure-reduction,001100,3435,cc,34.76727021614422,3.548676433192082,98.37,-40.95058515479599,-0.008659812829434796,-493.4955017004503,-0.10435940440751873
structure-reduction,001100,3436,cc,34.84759498278547,3.550984124288194,98.51,-41.254269100991756,-0.0075923774378612715,-497.15519693605034,-0.09149574050366618
structure-reduction,001100,3437,cc,35.3641292292538,3.5656980077969704,98.22,-41.01153791841372,-0.008418297595661492,-494.23004345480024,-0.10144890432531664
linear-reduction,001100,3435,cc,98.65732005277852,4.591652431974045,88.80,-36.30127285711698,-0.01065608482334045,-352.9572759897504,-0.1036091127373392
linear-reduction,001100,3436,cc,96.69004341553028,4.571510433513147,88.80,-35.773281069926604,-0.01041299512257067,-347.82361184290016,-0.10124555157675463
linear-reduction,001100,3437,cc,95.4856774491771,4.55897626188524,88.57,-36.08751550590359,-0.010455619078769511,-350.87891326390013,-0.10165998430287596
no-reduction,001101,3435,cc,33.07266907282369,3.4987072335289096,99.50,-74.83132621596442,-0.005135832569585538,-1138.0722247555016,-0.07810830963454166
no-reduction,001101,3436,cc,33.69172101521018,3.5172521399727397,99.47,-75.18791137628585,-0.005303652772164723,-1143.4953501662474,-0.08066060318546721
no-reduction,001101,3437,cc,32.8527527689106,3.4920355395601046,99.54,-74.31820015496284,-0.005185879139219452,-1130.2683470567483,-0.07886944288881904
structure-reduction,001101,3435,cc,35.40383179711364,3.566820057138211,99.42,-41.41879985476299,-0.0058298566243968975,-499.1379570497498,-0.07025560218060702
structure-reduction,001101,3436,cc,35.3201425376792,3.5644534113357476,99.42,-41.61270375565505,-0.006797181855207681,-501.47469295940016,-0.08191283853710776
structure-reduction,001101,3437,cc,35.805293363093064,3.5780957417808206,99.41,-41.929313637781185,-0.006674320408309561,-505.2901586489,-0.08043223524053854
linear-reduction,001101,3435,cc,100.471516303197,4.609874267459443,90.64,-36.812111333662685,-0.008059595864045307,-357.92415849720004,-0.07836345058611252
linear-reduction,001101,3436,cc,101.48790614651112,4.619939640116866,90.77,-36.898424453784735,-0.00859874783041706,-358.7633809641504,-0.08360562515514508
linear-reduction,001101,3437,cc,96.79526794812,4.572598108254158,90.04,-36.230045524648055,-0.008340097038961889,-352.26473263615014,-0.08109076350982644
no-reduction,001110,3435,cc,33.51122385303437,3.5118804231066085,99.09,-75.48912665286568,-0.006290129168797918,-1148.0763827000997,-0.09566342946366314
no-reduction,001110,3436,cc,33.36400270543941,3.507477555467943,98.80,-74.47194535709329,-0.0061892570593711825,-1132.6065809633508,-0.09412931598744663
no-reduction,001110,3437,cc,32.61885660813864,3.4848905447127687,98.87,-74.5912222467276,-0.006252751161390698,-1134.4206035393527,-0.09509496603801043
structure-reduction,001110,3435,cc,35.29161040864313,3.563645270214804,98.48,-41.759923773417434,-0.008082321644597492,-503.24884139345033,-0.09740005813904437
structure-reduction,001110,3436,cc,35.05560515903606,3.5569355196403216,98.51,-41.314748387017744,-0.007441872188152515,-497.88403281194996,-0.08968200173942598
structure-reduction,001110,3437,cc,34.700708290919884,3.5467600985865664,98.52,-41.320212665056566,-0.007799192295978414,-497.9498828266006,-0.09398806635883586
linear-reduction,001110,3435,cc,96.39718255938284,4.568476974626977,88.78,-35.791780010521386,-0.010651527052644156,-348.0034770423002,-0.10356479753285913
linear-reduction,001110,3436,cc,99.95237813674842,4.60469385392747,88.81,-36.279611411030565,-0.009875482559789867,-352.74666174944986,-0.09601931692883688
linear-reduction,001110,3437,cc,96.15350488699929,4.565945923653304,87.84,-36.10937039788661,-0.00975121860281028,-351.09140837864936,-0.09481109847512434
no-reduction,001111,3435,cc,32.46714427812366,3.4802286326973406,99.11,-74.36032622275827,-0.005333955128239908,-1130.9090213588017,-0.08112145656783663
no-reduction,001111,3436,cc,32.76846703342837,3.4894666820446107,99.26,-74.81777431554436,-0.00562060305681635,-1137.8661206779511,-0.08548094158959145
no-reduction,001111,3437,cc,33.56262648898225,3.5134131410212293,99.45,-74.33454186435553,-0.0060094970409645026,-1130.5168799440498,-0.09139543574750865
structure-reduction,001111,3435,cc,35.311656786227246,3.5642131300014475,99.40,-41.09071170402472,-0.005994650232183698,-495.18416674520023,-0.07224152994804575
structure-reduction,001111,3436,cc,35.17557509064582,3.5603519522810405,99.37,-41.616937522853384,-0.00641921571678618,-501.5257140879007,-0.07735796860299027
structure-reduction,001111,3437,cc,35.96070847750428,3.5824269112309284,99.38,-41.94775651533909,-0.006212023336661162,-505.5124137663498,-0.07486109323010365
linear-reduction,001111,3435,cc,100.41711258151349,4.609332636772673,90.43,-36.64925266234164,-0.00787403337495572,-356.3406836359496,-0.07655922650469446
linear-reduction,001111,3436,cc,100.08615925543147,4.606031407584602,90.84,-36.80513169651342,-0.007013786244719289,-357.85629548520063,-0.06819504365740565
linear-reduction,001111,3437,cc,101.50560594780625,4.620114027969535,90.62,-36.733710533235396,-0.009097252409201718,-357.1618675146501,-0.08845258517466828
no-reduction,010000,3435,cc,32.293066268279816,3.474852540567711,99.41,-80.9236129589337,-0.004956947045735029,-1230.7267676859497,-0.07538772914506117
no-reduction,010000,3436,cc,32.934328929618296,3.4945155462852013,99.37,-82.0870135271265,-0.0049723346223780355,-1248.4203452272977,-0.07562175110443634
no-reduction,010000,3437,cc,32.71067111367807,3.487701358419553,99.44,-81.28954564034866,-0.00475381364327568,-1236.292054871253,-0.0722983747937582
structure-reduction,010000,3435,cc,34.81361647257991,3.550008588198873,99.18,-47.33658586554638,-0.006340447138514087,-570.4531962656991,-0.07640872846623327
structure-reduction,010000,3436,cc,34.39013553080044,3.5377697654308973,98.93,-46.81458930171338,-0.005435499170439642,-564.1626156749504,-0.06550320050296814
structure-reduction,010000,3437,cc,34.6355751013862,3.5448813359674682,99.21,-47.10363176194106,-0.006102184034132744,-567.6458663631499,-0.07353741979533368
linear-reduction,010000,3435,cc,92.75257384067149,4.5299354514062475,90.18,-38.49513215743116,-0.008197051854525138,-374.2881699666996,-0.07969993518154792
linear-reduction,010000,3436,cc,93.84198244993972,4.541612329973945,89.51,-38.751237030947394,-0.007903403939279807,-376.7782776519,-0.07684479650161756
linear-reduction,010000,3437,cc,90.6661292512628,4.507183850234543,89.21,-38.20906314397807,-0.007709197656536283,-371.50672094890075,-0.07495652881450228
no-reduction,010001,3435,cc,32.081167142578394,3.4682691645864456,99.25,-80.09619151982128,-0.005011249104868666,-1218.142928729202,-0.07621358201139512
no-reduction,010001,3436,cc,32.958600426289536,3.4952522413450873,99.54,-80.97212964506718,-0.0056849622805946924,-1231.4646337070014,-0.08645974884442438
no-reduction,010001,3437,cc,32.296159336758265,3.474948317176018,99.32,-79.98546771498873,-0.005160399013093328,-1216.4589857434016,-0.07848192839062985
structure-reduction,010001,3435,cc,34.753951799854185,3.5482932864041876,99.05,-45.87931248009354,-0.005796606471636725,-552.8915946976005,-0.06985490458969418
structure-reduction,010001,3436,cc,34.623538685414445,3.5445337595855357,99.19,-46.230618028333716,-0.006306965622737312,-557.12517785945,-0.07600524271960733
structure-reduction,010001,3437,cc,34.440580212559524,3.539235526472194,99.18,-45.894650470707944,-0.0056562383231701105,-553.0764328224998,-0.068163328032523
linear-reduction,010001,3435,cc,90.27174016390366,4.502824456446776,87.59,-37.513613689185796,-0.007873572310165503,-364.7448658999498,-0.07655474357173918
linear-reduction,010001,3436,cc,89.68372976778844,4.496289367638019,87.76,-37.90545032443677,-0.00852702652828975,-368.55469350450056,-0.08290827893456124
linear-reduction,010001,3437,cc,85.7398310687436,4.451317490894314,88.30,-37.179534585744925,-0.007839165457143393,-361.49661477719917,-0.07622020573980523
no-reduction,010010,3435,cc,32.56287588010982,3.4831728627900658,99.41,-81.31585626391215,-0.004903096331246562,-1236.6921999897029,-0.07456874055376335
no-reduction,010010,3436,cc,32.295902347949834,3.474940359888335,99.31,-81.10504091513644,-0.004457060650400122,-1233.4860147578497,-0.06778520690161029
no-reduction,010010,3437,cc,32.77022155758097,3.489520223675996,99.45,-81.68944318087219,-0.004961365568273956,-1242.3738966162998,-0.07545492824509446
structure-reduction,010010,3435,cc,34.667665178309925,3.545807413278937,99.23,-47.13856760930592,-0.006293919689842543,-568.0668782597497,-0.0758480261822925
structure-reduction,010010,3436,cc,34.8785173566148,3.551871091159545,99.35,-47.481465348062166,-0.005880054500186887,-572.1991389094992,-0.07086053678175219
structure-reduction,010010,3437,cc,34.766500391423,3.5486542907218976,99.16,-47.19509646130199,-0.005221789130504586,-568.7481074551497,-0.06292778081171077
linear-reduction,010010,3435,cc,89.87335606056648,4.498401524475495,89.47,-38.22327285526079,-0.0066431866313292265,-371.6448819717002,-0.06459170361641406
linear-reduction,010010,3436,cc,89.67606819507691,4.4962039351966,88.25,-38.37301994191617,-0.007075392159063913,-373.1008728952501,-0.06879403796257841
linear-reduction,010010,3437,cc,90.09361178143834,4.50084926067379,89.20,-38.293482619006774,-0.006837375174113167,-372.3275315046,-0.06647979881790234
no-reduction,010011,3435,cc,31.845952775907346,3.4609103025438346,99.26,-79.64712584040123,-0.004802783398044236,-1211.313313343748,-0.07304313130915577
no-reduction,010011,3436,cc,33.10294241686579,3.4996221732014705,99.45,-81.46072210683195,-0.005233987291572511,-1238.8953921617478,-0.07960109572388052
no-reduction,010011,3437,cc,32.57484323892847,3.48354031068708,99.35,-80.76792717343544,-0.005092549385009257,-1228.3590204172003,-0.07745003732191329
structure-reduction,010011,3435,cc,34.67242790978144,3.5459447863705176,99.31,-46.31156647771556,-0.005633106272434643,-558.1006876229496,-0.0678845636891099
structure-reduction,010011,3436,cc,34.51830535541871,3.541489773336342,99.03,-45.81557608469836,-0.00533842703337746,-552.1235073967011,-0.06433338417923178
structure-reduction,010011,3437,cc,34.3903289443817,3.537775389515664,99.10,-46.12230706810221,-0.005958483078357819,-555.8199224777018,-0.07180567957729007
linear-reduction,010011,3435,cc,89.27515291646715,4.491723206349022,87.85,-37.57977033437737,-0.008356391648544254,-365.3881069611504,-0.0812491959987958
linear-reduction,010011,3436,cc,88.41435921051603,4.482034390960641,89.29,-37.53304112255474,-0.008627062515462892,-364.9337588346001,-0.08388092883784572
linear-reduction,010011,3437,cc,86.89974429519609,4.4647550897491355,88.44,-37.604326156247964,-0.0070770831759468435,-365.6268632172,-0.06881047971973117
no-reduction,010100,3435,cc,32.94375455869742,3.4948016999995883,99.13,-81.86997407269013,-0.005099112421773806,-1245.1195006844987,-0.07754985126654694
no-reduction,010100,3436,cc,32.33542067275578,3.476163244640921,99.37,-81.2036726166852,-0.0048538810680230126,-1234.9860549908499,-0.07382025022302799
no-reduction,010100,3437,cc,32.90410877014057,3.4935975366040526,99.43,-81.8575832897491,-0.005358517061525351,-1244.9310554621484,-0.08149500673020833
structure-reduction,010100,3435,cc,34.50953108421154,3.541235549194112,99.09,-47.04742755820223,-0.005950757039335492,-566.9685495039008,-0.07171257308103202
structure-reduction,010100,3436,cc,34.978077168163935,3.5547214986159985,99.07,-47.22370725227755,-0.005386800156919091,-569.0928960972009,-0.06491632869103196
structure-reduction,010100,3437,cc,34.3820425133878,3.5375344081198405,99.06,-46.7587492610154,-0.005417177771872675,-563.4896873445,-0.0652824093288376
linear-reduction,010100,3435,cc,92.45241944718238,4.526694127822577,90.13,-38.59943923850193,-0.00852633614085478,-375.30234771594957,-0.08290156629753102
linear-reduction,010100,3436,cc,91.610159505754,4.517542177164713,90.50,-38.41095211049581,-0.007700336432741538,-373.46968737035047,-0.07487037113554598
linear-reduction,010100,3437,cc,91.58739070020398,4.517293606093302,90.29,-38.22383929618418,-0.007459668302701053,-371.6503894768002,-0.07253035490716232
no-reduction,010101,3435,cc,32.5058580126963,3.4814203196377367,99.46,-80.27170472725811,-0.005402169249447668,-1220.8122213444997,-0.08215889103022486
no-reduction,010101,3436,cc,32.502950580117066,3.4813308722953193,99.28,-79.84300979633448,-0.005133036508396289,-1214.292414487553,-0.07806578573794497
no-reduction,010101,3437,cc,32.09142435312072,3.4685888403355656,99.32,-79.79258330170978,-0.005241099352692912,-1213.5255031440493,-0.07970925950543017
structure-reduction,010101,3435,cc,34.8646721827949,3.5514740581562307,99.14,-45.92794525302036,-0.005830770113926412,-553.4776682441494,-0.07026661064292719
structure-reduction,010101,3436,cc,34.488662340130496,3.5406306422050537,99.13,-45.82298064980525,-0.005752355525526489,-552.2127398107998,-0.06932163643811973
structure-reduction,010101,3437,cc,34.32071205767145,3.5357490220056826,99.20,-45.8896096798192,-0.006138792722398517,-553.0156862514996,-0.07397859109762453
linear-reduction,010101,3435,cc,87.60518053100223,4.472840134675495,88.80,-37.408532313725374,-0.008089986267136442,-363.72315968634945,-0.07865893647536762
linear-reduction,010101,3436,cc,93.51655841101287,4.538138515920069,88.54,-38.12668971657389,-0.008532749823734814,-370.70580411425,-0.0829639265361736
linear-reduction,010101,3437,cc,84.68210354048558,4.438904287012519,88.37,-37.06333229051221,-0.007644406581946946,-360.36677986064996,-0.07432656519627015
no-reduction,010110,3435,cc,32.80460899191122,3.490569023564436,99.22,-81.21451048543652,-0.004213427054415458,-1235.1508827177504,-0.06407990535707749
no-reduction,010110,3436,cc,32.039572024669404,3.46697176457878,99.27,-80.82253029701094,-0.004601814756679212,-1229.189452022101,-0.0699866997269558
no-reduction,010110,3437,cc,32.311881998281216,3.475435026307217,99.33,-80.68117013516213,-0.004335149972139555,-1227.0395760006,-0.06593112835128442
structure-reduction,010110,3435,cc,34.48668033515336,3.540573172248376,99.26,-47.04952213351937,-0.005643480638582273,-566.9937912310498,-0.06800958517555497
structure-reduction,010110,3436,cc,34.661465569944895,3.5456285675811863,99.18,-47.05703455415279,-0.005694455695881385,-567.0843234121,-0.06862388559106657
structure-reduction,010110,3437,cc,34.845993624272104,3.5509381700319804,99.08,-47.19288715058855,-0.005271172961062188,-568.7214830517494,-0.06352290535376044
linear-reduction,010110,3435,cc,96.56608736079943,4.570227617063996,89.16,-38.984537484619146,-0.007745241410691268,-379.0466579629502,-0.0753069822361512
linear-reduction,010110,3436,cc,90.0188325343918,4.500018898822589,89.27,-38.31534655723538,-0.007804422735257263,-372.5401145760001,-0.07588240225490636
linear-reduction,010110,3437,cc,90.89516538060816,4.509706813637077,88.85,-38.46147524126303,-0.007950873727201723,-373.96092377080055,-0.07730634524958237
no-reduction,010111,3435,cc,32.095959879865,3.4687301617745376,99.29,-79.44823756791322,-0.004669190686070504,-1208.288521051603,-0.07101138654910326
no-reduction,010111,3436,cc,31.838962365813032,3.460690771431739,99.21,-79.15980127680258,-0.004913973037343265,-1203.9018377182501,-0.07473415893843503
no-reduction,010111,3437,cc,32.4851285744377,3.4807824022879585,99.36,-80.06038785311549,-0.004841820873788315,-1217.598408664101,-0.0736368327590096
structure-reduction,010111,3435,cc,34.06596393455112,3.5282987607444394,99.11,-45.58411872204791,-0.005658903239045655,-549.3342147194008,-0.0681954429337392
structure-reduction,010111,3436,cc,34.4111249260355,3.5383799111098235,99.20,-46.093205822097865,-0.005950613228222803,-555.4692233621006,-0.071710840013313
structure-reduction,010111,3437,cc,34.3976708507419,3.537988854259804,99.15,-46.06571428960696,-0.0056776987814674785,-555.1379229040489,-0.06842194801546458
linear-reduction,010111,3435,cc,90.52913828244422,4.505671768856431,89.78,-37.651440300678786,-0.008679007848223395,-366.084954043501,-0.08438599330827606
linear-reduction,010111,3436,cc,84.01437904683772,4.430987963322859,88.91,-37.02141914425585,-0.008062525474028089,-359.95925833959984,-0.07839193518397511
linear-reduction,010111,3437,cc,86.55078162673038,4.460731312508423,87.75,-36.988017763247015,-0.007323899812810477,-359.6344967120498,-0.07121027787995626
no-reduction,011000,3435,cc,37.066775156343326,3.612721020023855,87.50,-81.03317687206237,-0.005562924207054513,-1232.3930704587522,-0.08460373280298857
no-reduction,011000,3436,cc,38.37541613313021,3.6474170497086376,87.06,-82.53587222900059,-0.004822653134675087,-1255.2468127947527,-0.07334532019870606
no-reduction,011000,3437,cc,36.15130670816447,3.587713094788684,90.59,-80.2048906664601,-0.0047310499847383084,-1219.796079700854,-0.07195217369289256
structure-reduction,011000,3435,cc,37.14132871997909,3.6147303312668195,94.65,-44.70695308778535,-0.005975383532494641,-538.7634916609003,-0.07200934695009291
structure-reduction,011000,3436,cc,38.10307187415034,3.6402949055006233,94.03,-45.090517396278244,-0.005741540341162569,-543.3858251425505,-0.06919130265135012
structure-reduction,011000,3437,cc,38.4380088895191,3.6490467848812194,93.64,-45.08907796801124,-0.005892377006696806,-543.3684785925001,-0.07100903530770321
linear-reduction,011000,3435,cc,91.7195762667829,4.518735838122762,85.81,-36.80964959075398,-0.007595470265761422,-357.9002229709001,-0.07385075739399831
linear-reduction,011000,3436,cc,88.81855720359088,4.48659560568328,85.56,-36.74787912085804,-0.007562187482226142,-357.2996286920999,-0.07352714888968478
linear-reduction,011000,3437,cc,91.1343964686737,4.512335301267013,85.76,-36.91928469283638,-0.008224672279168434,-358.96620506844977,-0.07996848857035471
no-reduction,011001,3435,cc,34.650501012525496,3.5453121847673237,90.68,-77.59109479004503,-0.005017528377722556,-1180.0441651144022,-0.0763090803325935
no-reduction,011001,3436,cc,35.637003716083214,3.57338452825149,89.14,-78.74175636201507,-0.00530233010606843,-1197.5440016317018,-0.08064048741814171
no-reduction,011001,3437,cc,34.204412969885894,3.5323546699515522,91.96,-77.8131096312399,-0.00530673991836512,-1183.420677826702,-0.0807075540484559
structure-reduction,011001,3435,cc,36.970272102795285,3.610114133018704,94.81,-43.67325022857001,-0.006361025819817399,-526.3063385045001,-0.07665672215461947
structure-reduction,011001,3436,cc,37.99430707794642,3.6374363347649346,92.81,-44.12773214312926,-0.006224825710843048,-531.7833000568505,-0.07501537464136958
structure-reduction,011001,3437,cc,36.10999194956328,3.586569612347311,96.21,-43.12706700066413,-0.006085694563835977,-519.7242844249994,-0.07333870518878736
linear-reduction,011001,3435,cc,83.29595193580806,4.422399951783176,84.10,-35.68135755298261,-0.00861579117258007,-346.9298394876505,-0.08377133757099602
linear-reduction,011001,3436,cc,83.19200693062608,4.421151272666733,84.34,-35.78216702955885,-0.008543353709490647,-347.91001002840034,-0.08306702811737758
linear-reduction,011001,3437,cc,82.44653070540666,4.412149970563096,83.35,-35.57637593962226,-0.007421021570630588,-345.90910326095087,-0.07215459273124121
no-reduction,011010,3435,cc,37.14606851244039,3.6148579381730865,89.38,-81.12680994517893,-0.004763673370839176,-1233.8170890512527,-0.0724483264604076
no-reduction,011010,3436,cc,36.09376043886213,3.5861200093713532,90.17,-80.25059628889802,-0.004372690452408726,-1220.4911936597011,-0.06650206274545811
no-reduction,011010,3437,cc,35.92539375095298,3.5814443922655803,90.26,-79.8037158084422,-0.004388958000788177,-1213.6948118727012,-0.066749467754987
structure-reduction,011010,3435,cc,37.08977972057481,3.613341452432227,94.74,-44.606850851995844,-0.005825126424609213,-537.5571596173987,-0.07019859854296563
structure-reduction,011010,3436,cc,36.961777734567654,3.6098843444957645,95.04,-44.405070531549256,-0.005261760834816772,-535.1255049757,-0.06340947982037691
structure-reduction,011010,3437,cc,36.45202034926036,3.5959968848818415,95.93,-44.25036338669445,-0.00548382913013011,-533.2611291730508,-0.06608562484719796
linear-reduction,011010,3435,cc,91.1712867723117,4.512740009485492,85.81,-37.159380331826554,-0.008349532180179371,-361.3006549663499,-0.08118250138788403
linear-reduction,011010,3436,cc,91.85915297248941,4.520256458002636,86.82,-37.12116927769735,-0.007763055703360637,-360.9291288870498,-0.0754801906037755
linear-reduction,011010,3437,cc,90.26546719018035,4.502754964137487,85.96,-36.757698005034364,-0.0069300320769155295,-357.39509770295024,-0.06738070188384969
no-reduction,011011,3435,cc,34.61066098316125,3.544161755504797,89.59,-78.01196854526658,-0.00521618569452872,-1186.4450236206976,-0.07933036013524003
no-reduction,011011,3436,cc,35.160286481406466,3.5599172207191194,89.63,-78.62210325710967,-0.0052762469560447495,-1195.724257385752,-0.08024380183100657
no-reduction,011011,3437,cc,35.93886039983148,3.5818191724451083,89.21,-79.19193826268206,-0.005017280839800247,-1204.3905930679996,-0.07630531565210205
structure-reduction,011011,3435,cc,36.745855153289064,3.6040254343536304,94.98,-43.06447366385361,-0.005729894886497323,-518.9699721230994,-0.06905096327717923
structure-reduction,011011,3436,cc,36.72327143218853,3.603410653074434,93.47,-43.45830635590404,-0.006077585101719227,-523.7160498950003,-0.0732409780608184
structure-reduction,011011,3437,cc,36.160901329617374,3.5879784613642474,95.50,-43.32382113208837,-0.0062274166583947575,-522.095368462801,-0.07504659815031524
linear-reduction,011011,3435,cc,82.72703045637455,4.415546398158918,83.56,-35.651778686557705,-0.00820687100727687,-346.64224416940027,-0.07979540680375297
linear-reduction,011011,3436,cc,84.46985237109352,4.436394694029739,83.91,-35.98063384943943,-0.007965836802258354,-349.83970291810004,-0.07745183122835796
linear-reduction,011011,3437,cc,85.41285191171374,4.447496580241406,83.36,-35.94406096857475,-0.00801795572932578,-349.4841047974504,-0.07795858355623457
no-reduction,011100,3435,cc,41.082971951319045,3.715593727899224,83.83,-83.84512976106717,-0.00533716120312971,-1275.1586559711973,-0.08117021615779818
no-reduction,011100,3436,cc,39.10519380177755,3.666255291974744,84.34,-82.37422211239057,-0.0050483475880195635,-1252.7883569962994,-0.07677779429239552
no-reduction,011100,3437,cc,35.92079796121372,3.581316458143089,90.98,-80.01973076571934,-0.0052119110991241165,-1216.9800753504508,-0.07926534995102913
structure-reduction,011100,3435,cc,37.710765788347004,3.6299456183657726,94.70,-44.65274869929881,-0.005533137021369131,-538.1102745752494,-0.06667983424451938
structure-reduction,011100,3436,cc,37.13969644019401,3.6146863824984274,95.79,-44.659362265716794,-0.005894730304040516,-538.1899746641501,-0.07103739489399226
structure-reduction,011100,3437,cc,37.437908091467435,3.6226837764230666,95.45,-44.680958524309524,-0.006133407753758077,-538.4502311764508,-0.0739136968405386
linear-reduction,011100,3435,cc,88.92124131559771,4.487751048913061,86.30,-36.545920674555276,-0.007467279589490222,-355.3359867187005,-0.07260435944861343
linear-reduction,011100,3436,cc,91.46541195695593,4.515960889417768,86.90,-37.017985422035466,-0.007699928883184518,-359.92587225844966,-0.07486640853120306
linear-reduction,011100,3437,cc,91.00801118753428,4.510947537669844,87.14,-37.00204741295374,-0.007897038027493803,-359.7709069961502,-0.07678290074132223
no-reduction,011101,3435,cc,35.28891388988729,3.5635688605030897,89.96,-78.24087855540299,-0.005096914332126225,-1189.926401509849,-0.0775164216201417
no-reduction,011101,3436,cc,35.87319520237739,3.5799903648666294,89.19,-78.41924047713078,-0.004759388086122962,-1192.6390187964503,-0.07238315370780106
no-reduction,011101,3437,cc,35.89590474078013,3.5806232149143145,91.84,-78.93148940512182,-0.005156644703091768,-1200.4295566177993,-0.07842483096697116
structure-reduction,011101,3435,cc,36.86205215181091,3.6071826249135994,95.04,-43.196025372346774,-0.006059071168388156,-520.5553017621495,-0.07301786665024568
structure-reduction,011101,3436,cc,36.67058521358956,3.601974940875706,95.60,-43.3137187000499,-0.006229501114480347,-521.9736240542998,-0.07507171793060266
structure-reduction,011101,3437,cc,36.50472699640505,3.5974417589539938,95.98,-43.252517368351285,-0.005579889295904759,-521.2360868060002,-0.06724324590494825
linear-reduction,011101,3435,cc,82.25107640852218,4.409776476593551,84.11,-35.603531798549696,-0.008303696678498394,-346.1731396773,-0.08073684280503987
linear-reduction,011101,3436,cc,85.20511791141895,4.4450615014140284,83.34,-35.788928617515445,-0.008102662276477364,-347.97575294809974,-0.0787821853141894
linear-reduction,011101,3437,cc,82.88308062686959,4.417430947546139,84.01,-35.60882284703805,-0.008010271431895631,-346.22458454174966,-0.07788386913232122
no-reduction,011110,3435,cc,37.143016152410624,3.614775762977491,87.98,-81.30020369358286,-0.004192098958902467,-1236.4541478738481,-0.06375553701646818
no-reduction,011110,3436,cc,37.28926821490337,3.618705569833608,88.47,-81.16071318329863,-0.004888638132371368,-1234.3327064481975,-0.07434885303616996
no-reduction,011110,3437,cc,35.914861587258564,3.5811511816214843,90.38,-79.77803634816014,-0.0049300583499678596,-1213.3042658010008,-0.0749787924154862
structure-reduction,011110,3435,cc,36.77261035019071,3.604753284095857,95.41,-44.53200542438806,-0.005907956300151616,-536.6551973693003,-0.07119678137312711
structure-reduction,011110,3436,cc,36.977942197027936,3.6103215780349975,94.67,-44.65483440830991,-0.005626897180945982,-538.1354094545504,-0.06780973792758005
structure-reduction,011110,3437,cc,36.519095564245745,3.59783528992847,95.82,-44.4048731679862,-0.005316326229658697,-535.1231265474003,-0.06406704739361697
linear-reduction,011110,3435,cc,90.5003943003556,4.505354207606396,85.44,-36.928265407837095,-0.00791745127131149,-359.0535245604001,-0.07698137871096163
linear-reduction,011110,3436,cc,88.68634517410419,4.48510593354279,85.98,-36.780674998411435,-0.007271496904620146,-357.6185030095495,-0.07070076440362168
linear-reduction,011110,3437,cc,91.24216837026405,4.513517162700034,86.35,-37.14973318689189,-0.008104829039499762,-361.2068557761504,-0.07880325275105621
no-reduction,011111,3435,cc,35.445499094921026,3.567996280035073,88.81,-78.72228241911368,-0.005643571195504609,-1197.2478321711005,-0.08583025252683182
no-reduction,011111,3436,cc,35.14931802341694,3.5596052161742,89.62,-78.31143629154718,-0.005050041814596462,-1190.9994788400004,-0.07680356093729031
no-reduction,011111,3437,cc,35.11906674941662,3.5587441952195547,89.67,-78.28902477831787,-0.005500041007789984,-1190.6586333410512,-0.08364737366697396
structure-reduction,011111,3435,cc,36.90360641917353,3.608309281207686,95.20,-43.52954031212356,-0.0061821478518927185,-524.5744903013987,-0.07450106376315915
structure-reduction,011111,3436,cc,36.748111094729715,3.6040868255550182,95.28,-43.31008242069593,-0.00631948613523738,-521.9298032518003,-0.07615612741574566
structure-reduction,011111,3437,cc,36.759958073822,3.6044091569488055,96.25,-43.573469344174846,-0.00614857798126618,-525.1038790666499,-0.07409651325223875
linear-reduction,011111,3435,cc,84.3999669471076,4.435567009979887,84.23,-35.831269882418226,-0.008073599441009152,-348.3874370667507,-0.07849960736493199
linear-reduction,011111,3436,cc,87.6461247369568,4.473307397462919,85.25,-36.04233292087312,-0.008887978975255742,-350.43960298964964,-0.08641781957641158
linear-reduction,011111,3437,cc,86.18733309632101,4.456523219033253,84.18,-36.13506580050905,-0.008102728536276674,-351.3412447783503,-0.07878282955821808
no-reduction,100000,3435,cc,31.43521107888056,3.4479286365852038,95.32,-79.23116465285548,-0.002492444411015772,-1204.9871676229523,-0.03790634082493338
no-reduction,100000,3436,cc,30.485160503045297,3.4172400243301837,94.80,-78.10007446918195,-0.002087292233643139,-1187.7849825645471,-0.03174458393536168
no-reduction,100000,3437,cc,31.796421530323762,3.4593537529611367,95.64,-79.22070409649899,-0.0024056500939728716,-1204.8280782515976,-0.03658632945418641
structure-reduction,100000,3435,cc,34.20875294114557,3.5324815452746776,96.67,-46.11994128827943,-0.002385681592861088,-555.7914124650507,-0.028749848875568973
structure-reduction,100000,3436,cc,32.193691274089794,3.471770510189999,96.77,-45.08997521065064,-0.0026213589858917336,-543.3792912635499,-0.03158999713898128
structure-reduction,100000,3437,cc,33.725387110928764,3.5182508804839476,96.69,-45.922407349966456,-0.002579778441369524,-553.4109309744497,-0.031088909996944126
linear-reduction,100000,3435,cc,100.80455943701725,4.613183587124401,88.23,-38.16251156327272,-0.003278162370937143,-371.05409992969913,-0.03187357273262184
linear-reduction,100000,3436,cc,99.30188942199493,4.59816459828194,88.08,-37.921074131512704,-0.003101940738128052,-368.7066037807003,-0.03016016979681905
linear-reduction,100000,3437,cc,103.53231873967916,4.639883822317318,87.39,-38.58569980468998,-0.003193700439287001,-375.1687592010001,-0.03105234937118751
no-reduction,100001,3435,cc,32.35275223436661,3.4766990941245792,97.39,-79.33512993241006,-0.0017710039379972297,-1206.5683235770491,-0.02693431339103087
no-reduction,100001,3436,cc,31.194318442560494,3.4402359770330158,95.77,-78.61511771915637,-0.0018481800862922208,-1195.6180178318032,-0.028108046842375237
no-reduction,100001,3437,cc,31.885246304835967,3.4621434045244763,98.24,-79.32944619242832,-0.0019696462582275975,-1206.4818824175488,-0.02995536511825442
structure-reduction,100001,3435,cc,34.26364373857503,3.534084842715676,99.37,-45.91003509952295,-0.0023034783315120056,-553.26183298435,-0.02775921737305118
structure-reduction,100001,3436,cc,34.422983090136604,3.5387244543765317,99.45,-45.810859112331016,-0.002302847108349615,-552.0666631627001,-0.027751610502721208
structure-reduction,100001,3437,cc,33.71338852096054,3.5178950439497756,99.39,-45.8470545793961,-0.0021832735782515065,-552.5028547362998,-0.026310629891508907
linear-reduction,100001,3435,cc,93.26677472706484,4.535463932180164,92.10,-37.888758354869715,-0.0028865516164880453,-368.39239748439996,-0.028065941367113264
linear-reduction,100001,3436,cc,95.0772153227202,4.554689354334031,91.63,-38.1094243069112,-0.0024389733905303642,-370.53793253609996,-0.023714138276126732
linear-reduction,100001,3437,cc,89.74030968802785,4.496920051489374,91.99,-37.57545190065309,-0.0029616294865518695,-365.34611883005056,-0.028795923497743823
no-reduction,100010,3435,cc,30.950801519599356,3.4323988960359673,95.09,-78.61522830891906,-0.001962043673852412,-1195.6196997362017,-0.029839741213784406
no-reduction,100010,3436,cc,31.366394482442118,3.445737080386386,95.15,-79.6028346499239,-0.0021049315059317683,-1210.6397107733528,-0.032012850807963296
no-reduction,100010,3437,cc,31.32718646933196,3.4444862978460833,96.47,-78.83536941913718,-0.0019899138235017094,-1198.9677158109466,-0.030263604384725744
structure-reduction,100010,3435,cc,33.36062341835375,3.507376264916467,96.75,-45.61049250620708,-0.002434676331206312,-549.6520451923002,-0.029340284467367268
structure-reduction,100010,3436,cc,33.10179394414423,3.4995874786226593,97.24,-45.765417055671676,-0.0024635103530279015,-551.5190409379001,-0.02968776326433924
structure-reduction,100010,3437,cc,32.86027452062913,3.492264466823438,96.48,-45.49382247798953,-0.002798880873175641,-548.2460546822502,-0.03372931340263965
linear-reduction,100010,3435,cc,100.26937288930053,4.607860293295677,87.51,-38.262264165021165,-0.002986429636474714,-372.02399447650015,-0.02903705535544365
linear-reduction,100010,3436,cc,97.65374064028035,4.581427963197102,87.82,-38.000189400169866,-0.003394877659788192,-369.47584153785033,-0.03300839548612059
linear-reduction,100010,3437,cc,96.18975507148232,4.566322855862107,87.52,-37.93160679302154,-0.003336908041936762,-368.8090128485498,-0.03244475689175114
no-reduction,100011,3435,cc,32.18680251881199,3.471556508870709,98.05,-79.54254170947165,-0.0017108582263534618,-1209.7227455884997,-0.026019587335496627
no-reduction,100011,3436,cc,32.01049675665622,3.4660638726572395,98.10,-79.5970773661776,-0.0016682694205261668,-1210.5521511235,-0.025371875482072207
no-reduction,100011,3437,cc,31.4218752537188,3.4475043144875714,98.17,-78.86585122186594,-0.0017161377685388445,-1199.431298307749,-0.026099881252823018
structure-reduction,100011,3435,cc,33.5191702263213,3.512117520722796,99.27,-45.404829075279785,-0.0023415025271072984,-547.1735951861991,-0.02821744695417006
structure-reduction,100011,3436,cc,33.586341581455606,3.5141194837734955,99.30,-45.48491281109874,-0.001908545346678612,-548.1386842865495,-0.022999879972823954
structure-reduction,100011,3437,cc,34.369632579608115,3.5371734006564535,99.22,-45.78498537940833,-0.0023564766323730378,-551.7548588072501,-0.02839789989672748
linear-reduction,100011,3435,cc,88.84668690785394,4.486912265305017,91.69,-37.44809781281497,-0.0027423907836477213,-364.1078550339996,-0.026664265589406797
linear-reduction,100011,3436,cc,91.66704938884976,4.518162984140834,90.60,-37.71157077872583,-0.002867369889669276,-366.6696026815505,-0.027879437437254368
linear-reduction,100011,3437,cc,88.89194412845497,4.487421521186142,92.03,-37.62121162552235,-0.002903197303828985,-365.79104063495015,-0.02822778738512922
no-reduction,100100,3435,cc,30.87679118098171,3.4300048072243183,95.30,-79.05867898568864,-0.0020971851559293806,-1202.363919353851,-0.03189504044395199
no-reduction,100100,3436,cc,31.93565360451342,3.4637230535181693,95.10,-79.37569840214314,-0.0019126293420866133,-1207.1853091489986,-0.02908822334912426
no-reduction,100100,3437,cc,32.0523264266789,3.4673697681482185,95.87,-79.50473523786103,-0.0020194047723698246,-1209.1477658650006,-0.030712117480586477
structure-reduction,100100,3435,cc,33.36410896038946,3.507480740181174,97.23,-45.47765098799684,-0.002966454973854271,-548.0511720563507,-0.03574874888991782
structure-reduction,100100,3436,cc,33.18921955522266,3.502225110999935,96.65,-45.29502243762747,-0.003011789452702385,-545.8503153958513,-0.036295074694516434
structure-reduction,100100,3437,cc,33.744485530339254,3.51881701227501,97.71,-45.600168716492675,-0.0028374761076951395,-549.5276332024491,-0.03419442457383413
linear-reduction,100100,3435,cc,100.29090998229698,4.608075062568744,87.94,-38.07683976366321,-0.0030333817974213936,-370.2211130221,-0.02949357121632821
linear-reduction,100100,3436,cc,103.65415300618466,4.641059905673746,87.54,-38.255873300046126,-0.0037636554951321045,-371.96185609635035,-0.03659402237916944
linear-reduction,100100,3437,cc,93.30512634870054,4.535875051131676,88.54,-37.54707469896111,-0.002923036126022278,-365.0702072979998,-0.028420680253314613
no-reduction,100101,3435,cc,32.4254954756969,3.4789450107549005,98.10,-79.6948281859946,-0.0017185764417992507,-1212.0387944666986,-0.026136969815103904
no-reduction,100101,3436,cc,31.736808955203813,3.4574771730309664,97.86,-78.78800890364231,-0.0018936851687698668,-1198.2474334110505,-0.028800110889236518
no-reduction,100101,3437,cc,32.132245788386015,3.469860067615872,97.87,-78.90560917743043,-0.0016184299346461654,-1200.0359571749514,-0.024613891661066204
structure-reduction,100101,3435,cc,33.861407323409715,3.522275938848056,99.38,-45.72816093627473,-0.002142826404742283,-551.0700674430484,-0.02582320100354925
structure-reduction,100101,3436,cc,33.58418933719656,3.514055400782626,99.41,-45.52836253866895,-0.002501720435734294,-548.6622969535003,-0.030148232971033976
structure-reduction,100101,3437,cc,33.451038394508984,3.510082829276533,99.37,-45.15198182661151,-0.002148327141552801,-544.1265329925012,-0.025889490382852803
linear-reduction,100101,3435,cc,90.99865659418955,4.5108447437066665,92.35,-37.608391127923674,-0.0024566149627352515,-365.6663869368001,-0.023885667282674845
linear-reduction,100101,3436,cc,88.43766585382885,4.482297963214782,91.58,-37.37961168789451,-0.002778011855859272,-363.44196444139965,-0.0270106092745197
linear-reduction,100101,3437,cc,95.00427640165901,4.553921905341713,91.30,-38.04894413046885,-0.002935264548566133,-369.9498837805494,-0.028539577205708513
no-reduction,100110,3435,cc,31.124313111004714,3.4379892858186136,96.13,-78.73417239785317,-0.0021797200405052467,-1197.428660912751,-0.03315027223602405
no-reduction,100110,3436,cc,31.75611660591285,3.458085355789393,96.22,-79.28771852082058,-0.0023088111817151586,-1205.8472671238992,-0.03511355485711499
no-reduction,100110,3437,cc,31.180487286557373,3.439792491684464,96.26,-78.67555766912561,-0.002191553513964747,-1196.5372188109009,-0.03333024161713285
structure-reduction,100110,3435,cc,33.26988094575785,3.5046525115977083,97.08,-45.74735012845406,-0.0021052641158547407,-551.301316397999,-0.025370537860165476
structure-reduction,100110,3436,cc,32.933690927520814,3.494496174149865,97.11,-45.51517199453119,-0.002343148409925124,-548.503337706099,-0.028237281488007672
structure-reduction,100110,3437,cc,34.130313900874114,3.5301859600891583,97.40,-45.72018569474683,-0.0023456542940149265,-550.9739578073996,-0.02826747989717388
linear-reduction,100110,3435,cc,96.51765950046386,4.569725991607289,87.89,-37.8830720929499,-0.0037338337326241183,-368.3371099597496,-0.0363040653823043
linear-reduction,100110,3436,cc,95.76487027099341,4.561895919093794,87.62,-37.807621548565336,-0.0030274451819645868,-367.60350431670054,-0.02943584950424168
linear-reduction,100110,3437,cc,97.93573744288946,4.584311523200136,87.71,-38.08426699123174,-0.003160176145319851,-370.2933279557503,-0.03072639266094491
no-reduction,100111,3435,cc,31.897657139081126,3.46253256317771,97.92,-78.67653169011106,-0.0017663506104034295,-1196.5520322090517,-0.026863543258320563
no-reduction,100111,3436,cc,31.80503900141887,3.4596247363969193,97.07,-79.21706049497672,-0.0015881845496235458,-1204.7726645378511,-0.024153904722949694
no-reduction,100111,3437,cc,32.090577266916334,3.4685624439570466,98.22,-79.21964276822841,-0.00175281010064864,-1204.811937040602,-0.02665761241571485
structure-reduction,100111,3435,cc,33.40207399677505,3.5086179937666238,99.41,-45.13446361584954,-0.0021071438685800847,-543.9154210345998,-0.025393190760258606
structure-reduction,100111,3436,cc,33.403060901405404,3.5086475395382752,99.43,-45.61895669094238,-0.0021877212172244256,-549.7540470825483,-0.02636422838877155
structure-reduction,100111,3437,cc,34.202724281247406,3.532305298242497,99.27,-45.93545932031339,-0.0021142120607597803,-553.5682202691005,-0.025478369544216114
linear-reduction,100111,3435,cc,93.68971367765536,4.539988403897539,91.64,-37.89640341109256,-0.002590924448093202,-368.4667303660497,-0.025191558408810197
linear-reduction,100111,3436,cc,93.02342007743862,4.532851290239371,91.33,-37.95786495929758,-0.0029286366029242757,-369.0643209992504,-0.028475133690232732
linear-reduction,100111,3437,cc,89.46744478918637,4.493874813737196,91.25,-37.57305624089757,-0.0028383751613766045,-365.3228258302499,-0.027597521694064726
no-reduction,101000,3435,cc,32.3193052428612,3.4756647372232465,98.90,-76.34385899188459,-0.012895963603926867,-1161.0755794780598,-0.19612826247032172
no-reduction,101000,3436,cc,33.63433080873394,3.5155472955975884,99.25,-78.05483572510964,-0.011237602880017511,-1187.0969691253508,-0.1709070834007463
no-reduction,101000,3437,cc,33.12269801779163,3.500218788089063,99.19,-76.71353636017854,-0.012859530813531757,-1166.6978177337799,-0.19557417437759772
structure-reduction,101000,3435,cc,35.35182182554048,3.5653499278050025,98.49,-43.6110174118996,-0.016257771195255455,-525.5563708308098,-0.19592240067402353
structure-reduction,101000,3436,cc,35.326708328630396,3.564639287730508,98.34,-44.06167055500855,-0.014686796821248823,-530.987191858399,-0.17699058849286955
structure-reduction,101000,3437,cc,35.089689290928106,3.5579073349229233,98.48,-43.52476028721243,-0.016300094878801505,-524.5168862211899,-0.1964324433844369
linear-reduction,101000,3435,cc,102.20962270771082,4.627025828989987,87.90,-37.62627884418866,-0.015407517277847293,-365.8403092020501,-0.1498072904925092
linear-reduction,101000,3436,cc,105.59445712270815,4.659605880526252,87.89,-37.40172886486997,-0.014066812114737823,-363.65700975313456,-0.13677161419159586
linear-reduction,101000,3437,cc,102.58243876836289,4.630666755985039,85.48,-37.75084532130473,-0.012600808550913785,-367.05146905904996,-0.12251766154053473
no-reduction,101001,3435,cc,33.74690441367583,3.518888692035632,99.56,-78.21510920940773,-0.009067903230515626,-1189.534488411299,-0.1379092062812969
no-reduction,101001,3436,cc,33.22480398684758,3.5032967050137374,99.57,-77.51650763240299,-0.009868019061509704,-1178.9098063274002,-0.15007776789697033
no-reduction,101001,3437,cc,33.78136674960534,3.5199093708810314,99.57,-78.29064265516566,-0.009628355545783843,-1190.6832388210971,-0.14643284531805353
structure-reduction,101001,3435,cc,35.456458641388764,3.5683054265496383,99.44,-43.855153547187214,-0.013235569594274002,-528.4984553971499,-0.159501849180596
structure-reduction,101001,3436,cc,36.133731794720866,3.5872268278058086,99.40,-44.63347267746661,-0.011935456617803843,-537.8779792361497,-0.1438341877011541
structure-reduction,101001,3437,cc,35.839858499125114,3.5790606399718463,99.40,-43.56774014200252,-0.014621275831175675,-525.0348364512749,-0.17620099504149805
linear-reduction,101001,3435,cc,95.25911889232562,4.556600745826742,90.33,-37.11893610756414,-0.014158045580692205,-360.9074157738504,-0.13765867718107033
linear-reduction,101001,3436,cc,93.66377564089976,4.539711515145526,90.90,-37.21689448347257,-0.013800226196419166,-361.8598650628003,-0.13417959930778356
linear-reduction,101001,3437,cc,98.38653124924214,4.588903917141269,90.09,-37.725107665097994,-0.012053334579653744,-366.80122182774926,-0.11719457211797335
no-reduction,101010,3435,cc,33.09718541064433,3.499448245856467,99.22,-77.37631280015141,-0.011721179795855671,-1176.777653221098,-0.17826156292527096
no-reduction,101010,3436,cc,32.42503802803107,3.4789309030015443,99.08,-76.45840259319058,-0.012500448613511057,-1162.8176158385513,-0.19011307273858288
no-reduction,101010,3437,cc,32.89778207714713,3.4934052414304193,99.14,-76.95861736243464,-0.012363056587838879,-1170.4251321565814,-0.18802354611614766
structure-reduction,101010,3435,cc,35.11290684854208,3.558568779363364,98.53,-44.07773003215823,-0.01427452759082362,-531.1807246175496,-0.17202233199701544
structure-reduction,101010,3436,cc,35.133232951228955,3.559147490259424,98.52,-43.46087133114371,-0.016263008095569027,-523.7469604116205,-0.19598551055970234
structure-reduction,101010,3437,cc,35.36681384037418,3.5657739183109594,98.44,-43.27355582908248,-0.016421025200501597,-521.4896212962756,-0.19788977469124472
linear-reduction,101010,3435,cc,101.94227240419767,4.624406696248665,86.31,-37.563575150992605,-0.015114691825282852,-365.2306411931008,-0.14696014861722517
linear-reduction,101010,3436,cc,100.80150092328529,4.613153245638369,86.57,-37.399776117515614,-0.015096706516419797,-363.6380231906004,-0.14678527745914968
linear-reduction,101010,3437,cc,104.67253755195941,4.650836786927846,86.13,-37.96495740857208,-0.014285030758075938,-369.1332808835497,-0.1388933540607723
no-reduction,101011,3435,cc,32.516044747344075,3.481733652047239,99.60,-76.60737958628626,-0.010469117865997118,-1165.0833324380517,-0.15921957906501716
no-reduction,101011,3436,cc,33.92985559559134,3.5242953228363407,99.56,-78.53889145530854,-0.009542500214194885,-1194.4587306980488,-0.14512711450758292
no-reduction,101011,3437,cc,32.907982247362376,3.493715249843866,99.59,-76.27985906736754,-0.011735532897937464,-1160.10223662606,-0.1784798520782819
structure-reduction,101011,3435,cc,35.537268854930794,3.5705819726979504,99.41,-44.04547481103259,-0.01305570120136879,-530.7920169477503,-0.15733425517769528
structure-reduction,101011,3436,cc,35.28268654696754,3.5633923775298437,99.45,-43.32403847114554,-0.0144338409517398,-522.0979876157746,-0.1739422173094163
structure-reduction,101011,3437,cc,35.995243235338734,3.58338679737416,99.31,-43.73480311451075,-0.014148130167484653,-527.0481123329745,-0.17049911664835757
linear-reduction,101011,3435,cc,97.65523354434598,4.581443250810709,89.73,-37.54432850616101,-0.01398681905952273,-365.0435060653998,-0.13599384171573953
linear-reduction,101011,3436,cc,93.2122633789275,4.534879294354448,90.32,-37.19141070395455,-0.013605792740114413,-361.6120862745499,-0.1322891228121324
linear-reduction,101011,3437,cc,92.3117010993922,4.52517090594831,90.13,-36.935867813735776,-0.014202795587742298,-359.12744275295046,-0.13809378149961835
no-reduction,101100,3435,cc,32.98280394190627,3.4959863329810044,99.19,-76.77889523521571,-0.012597247399843465,-1167.6918281847857,-0.1915852370805193
no-reduction,101100,3436,cc,33.09622850291147,3.4994193333808488,99.06,-77.19142098986055,-0.011866672123313798,-1173.9657261243,-0.18047428298741794
no-reduction,101100,3437,cc,33.35987461686559,3.5073538189962403,99.07,-77.69621798793109,-0.010769380443032066,-1181.642931269447,-0.16378612246785315
structure-reduction,101100,3435,cc,34.85913508485966,3.5513152286784995,98.35,-43.66927123811667,-0.015266812153220627,-526.2583876905503,-0.1839803532584618
structure-reduction,101100,3436,cc,35.617724541805785,3.572843394344471,98.42,-43.17698832810397,-0.015983803798010125,-520.3258863419801,-0.19262081956982002
structure-reduction,101100,3437,cc,35.129109718569744,3.5590301234735393,98.59,-43.17846313939728,-0.016821358949092726,-520.3436592928704,-0.2027141966955165
linear-reduction,101100,3435,cc,99.57048682340857,4.600865803645935,87.12,-37.529718670019776,-0.014462031479384428,-364.9014546286,-0.1406143320740548
linear-reduction,101100,3436,cc,103.82880245585797,4.642743412548165,82.57,-37.658967322286976,-0.014521543078739908,-366.1581392745993,-0.14119296335458814
linear-reduction,101100,3437,cc,101.33774279957198,4.618458926260845,86.32,-37.67217085337323,-0.014476591879662569,-366.2865172073508,-0.14075590284595915
no-reduction,101101,3435,cc,32.94099122562212,3.494717816149267,99.55,-76.39421427758666,-0.011262571079007853,-1161.8414078406781,-0.1712868122550909
no-reduction,101101,3436,cc,32.72287528543537,3.4880743833454644,99.56,-76.52390732033717,-0.010792606802774668,-1163.8138444813526,-0.16413936055999853
no-reduction,101101,3437,cc,33.40953088916803,3.5088412152395003,99.51,-76.55786182494887,-0.01134082749776794,-1164.3302415647229,-0.1724769749998037
structure-reduction,101101,3435,cc,35.20476004705532,3.5611813020710135,99.46,-43.53822084617871,-0.013708934497397258,-524.6790994173,-0.16520636962813434
structure-reduction,101101,3436,cc,35.474121564517176,3.568803460639934,99.41,-43.82745871425612,-0.0128228328134484,-528.1647049655,-0.1545279582348667
structure-reduction,101101,3437,cc,35.818297740443654,3.5784588729026514,99.50,-44.09518912155482,-0.012826703856726544,-531.3911241038508,-0.15457460817741162
linear-reduction,101101,3435,cc,98.92847869213253,4.594397151597694,90.94,-37.75962956265587,-0.013554600959536034,-367.1368782376995,-0.13179138512956884
linear-reduction,101101,3436,cc,95.77777035539464,4.562030615831591,89.73,-37.18913170759054,-0.013884505539094009,-361.5899275929002,-0.13499904735661108
linear-reduction,101101,3437,cc,96.03024452870507,4.564663189024907,89.73,-37.50894674212711,-0.012058675223273582,-364.6994891737001,-0.11724649919588905
no-reduction,101110,3435,cc,32.74044885692843,3.4886112815902584,98.85,-75.61968903996748,-0.012967754927194796,-1150.0620407643491,-0.1972201008102421
no-reduction,101110,3436,cc,33.20812581218766,3.502794599354367,99.24,-76.90276656536129,-0.012487661509237816,-1169.5757253092988,-0.18991860006324332
no-reduction,101110,3437,cc,32.533591591456265,3.4822731429814047,99.13,-76.23874739018201,-0.012915361730570446,-1159.4769896835915,-0.19642327887938063
structure-reduction,101110,3435,cc,35.33233182608779,3.564798460497558,98.50,-44.13167314189339,-0.014238817691494867,-531.8307930329506,-0.17159199200020464
structure-reduction,101110,3436,cc,35.68735517925254,3.574796429383548,98.42,-44.20489806160028,-0.014360107978758174,-532.7132265403499,-0.17305366125201477
structure-reduction,101110,3437,cc,35.318339805705925,3.5644023702625574,98.33,-44.18748008110149,-0.01408830969578638,-532.5033224573492,-0.16977822014392166
linear-reduction,101110,3435,cc,100.05885873705093,4.605758600208993,86.72,-37.41783913330249,-0.015407069502868657,-363.8136498931007,-0.14980293677639195
linear-reduction,101110,3436,cc,103.08301022333218,4.635534588145239,86.28,-37.718661682873545,-0.015365166249204925,-366.7385475425798,-0.1493955114410195
linear-reduction,101110,3437,cc,101.2842418057035,4.617930839486688,85.71,-37.64310031237246,-0.01503857721547022,-366.00386433719945,-0.14622008626601696
no-reduction,101111,3435,cc,33.03256961035274,3.497494032633243,99.58,-76.94548757123619,-0.010222928270911232,-1170.2254477271533,-0.15547540460815343
no-reduction,101111,3436,cc,32.889189049944385,3.493144003464774,99.58,-76.72705875680771,-0.010605270201686641,-1166.903473102902,-0.1612902518623513
no-reduction,101111,3437,cc,33.51218357843427,3.511909061620726,99.54,-76.94939048914381,-0.010980223604720306,-1170.284805254151,-0.16699273069238876
structure-reduction,101111,3435,cc,35.492919894200504,3.5693332369906625,99.45,-43.674300119824444,-0.01322377404256231,-526.3189907439992,-0.1593597009869184
structure-reduction,101111,3436,cc,35.345150886130774,3.5651612085664373,99.44,-43.44306072279105,-0.013759449772852253,-523.5323247703598,-0.1658151292126425
structure-reduction,101111,3437,cc,35.949514102719874,3.582115568156935,99.49,-44.194942593012755,-0.011723595724707084,-532.5932531883999,-0.14128105207844505
linear-reduction,101111,3435,cc,97.28897618974601,4.577685685648443,90.41,-37.47344885852146,-0.014122031259606668,-364.35434325139954,-0.1373085099371556
linear-reduction,101111,3436,cc,92.93788073449744,4.53193132088445,89.55,-36.86343512002189,-0.013431526764719589,-358.42317967197033,-0.13059473473336858
linear-reduction,101111,3437,cc,96.98596827349738,4.5745663110653,89.96,-37.64782259308927,-0.010241290930937029,-366.0497790725998,-0.09957607172150074
no-reduction,110000,3435,cc,33.21159466116292,3.502899051735488,99.58,-84.46256659839855,-0.0007330794073732062,-1284.5489441117504,-0.011149038167035405
no-reduction,110000,3436,cc,33.432960035490666,3.509542240798483,99.56,-84.59060438557047,-0.0006660173050592481,-1286.4962067979507,-0.010129124183993574
no-reduction,110000,3437,cc,33.23906024857072,3.503725697883947,99.59,-84.83144256085345,-0.000693258011890572,-1290.1589941867508,-0.010543414473837763
structure-reduction,110000,3435,cc,35.08315049608317,3.5577209723677323,99.48,-50.05641063724565,-0.0008854742463990713,-603.2298045894504,-0.010670850143355207
structure-reduction,110000,3436,cc,35.11699729882182,3.5586852667866067,99.40,-49.78006290148916,-0.0009595768186527217,-599.8995380258508,-0.01156386024158395
structure-reduction,110000,3437,cc,35.221301034400426,3.5616510426015857,99.44,-49.955290919861326,-0.000918858586120241,-602.0112108752495,-0.011073164821335026
linear-reduction,110000,3435,cc,94.50922052327563,4.548697401414765,91.40,-40.33110793450086,-0.001026811756705144,-392.1393624471505,-0.009983690710444113
linear-reduction,110000,3436,cc,95.82559487168282,4.562529819143857,91.05,-40.23895731400799,-0.001086006520279574,-391.2433819640995,-0.0105592413966783
linear-reduction,110000,3437,cc,96.52420267507956,4.569793781821748,90.75,-40.23823947198405,-0.001150393249048606,-391.2364023861012,-0.011185273560499595
no-reduction,110001,3435,cc,33.288239396821034,3.505204163340103,99.56,-83.94954194270622,-0.0006835601689707744,-1276.7466086356521,-0.010395924829792022
no-reduction,110001,3436,cc,32.79646043160359,3.4903205958963768,99.54,-83.37106982760282,-0.0007390448588826164,-1267.9489154730961,-0.01123976373631627
no-reduction,110001,3437,cc,33.18165644928746,3.5019972066411795,99.59,-83.70809327781804,-0.0006724182858111974,-1273.0745366157,-0.010226473499759596
structure-reduction,110001,3435,cc,35.55917030310354,3.571198078064827,99.47,-49.280295247108214,-0.0008613330296084739,-593.8768380228992,-0.01037992433981172
structure-reduction,110001,3436,cc,35.43276448021904,3.5676369423708394,99.40,-49.150302698407074,-0.0008325066376353573,-592.3102978185004,-0.010032537490143692
structure-reduction,110001,3437,cc,35.766171360414894,3.577002512608393,99.47,-49.500009850012944,-0.0008250046036938732,-596.5246187025006,-0.009942130479114865
linear-reduction,110001,3435,cc,89.99622572849465,4.499767733100852,87.05,-39.22090961364278,-0.0011330394753147376,-381.3449041734495,-0.011016542818485194
linear-reduction,110001,3436,cc,89.44535132887104,4.49362783911149,86.00,-39.319777725120666,-0.0010487078757207876,-382.3061988213504,-0.01019658667563322
linear-reduction,110001,3437,cc,88.94855111759283,4.4880581252506015,87.67,-39.20861591952073,-0.0011173204711480993,-381.2253725854994,-0.010863706940972967
no-reduction,110010,3435,cc,32.95064820563332,3.4950109331566352,99.56,-84.48509846480901,-0.0007297534855516738,-1284.8916200020483,-0.011098455885012631
no-reduction,110010,3436,cc,33.20105571782203,3.502581674146453,99.58,-84.81863148015552,-0.0007210800387931256,-1289.9641568659476,-0.010966545769985249
no-reduction,110010,3437,cc,33.166901700544045,3.501552441919893,99.52,-84.83521321569545,-0.0007015842937172468,-1290.2163401909013,-0.01067004473099875
structure-reduction,110010,3435,cc,35.06236564985899,3.557128351542497,99.41,-49.8643489702344,-0.0009105057631156957,-600.9152694402998,-0.01097250495130725
structure-reduction,110010,3436,cc,34.93450917484077,3.5534751422374975,99.52,-49.87041097704379,-0.0008989443725721388,-600.9883226843506,-0.010833178633866843
structure-reduction,110010,3437,cc,34.99489813532447,3.555202283302132,99.48,-50.07928293695953,-0.0009032954262776332,-603.5054386733008,-0.010885613182071758
linear-reduction,110010,3435,cc,95.33637922686887,4.557411471573546,91.02,-40.5232021870255,-0.0010734632887748757,-394.0070948644502,-0.010437283556758114
linear-reduction,110010,3436,cc,95.88080188316775,4.563105772935129,90.83,-40.33341734965021,-0.0011385001757752789,-392.1618168906496,-0.011069637209063038
linear-reduction,110010,3437,cc,94.72964196208166,4.551026960318194,90.01,-40.21275229483708,-0.0011065474636625632,-390.98859056270055,-0.010758960989191099
no-reduction,110011,3435,cc,32.60495408334452,3.484464242573802,99.07,-83.41816362034335,-0.0006537232499380065,-1268.6651414199987,-0.009942150046682172
no-reduction,110011,3436,cc,32.663833476821935,3.4862684559398027,99.61,-83.26000448676386,-0.0007057455599633287,-1266.2597782369505,-0.010733331348702283
no-reduction,110011,3437,cc,33.046862101244926,3.497926617803692,99.60,-83.43870458434013,-0.000718649380165468,-1268.9775386709512,-0.01092957909824652
structure-reduction,110011,3435,cc,35.22668246297283,3.561803819964846,99.44,-49.3169837040038,-0.0008760336854877693,-594.3189706169505,-0.010557081943813109
structure-reduction,110011,3436,cc,34.83083708113261,3.5505031174262545,99.45,-49.01789650983712,-0.0009500606884008453,-590.7146708400512,-0.011449181355918587
structure-reduction,110011,3437,cc,35.14184016018671,3.5593924479270496,99.48,-49.16651442815102,-0.0008867033420176237,-592.5056653736503,-0.010685661974654384
linear-reduction,110011,3435,cc,88.41292437020302,4.482018162239779,86.30,-39.40320236805531,-0.001047530466164908,-383.11733662459994,-0.010185138722521402
linear-reduction,110011,3436,cc,88.99745179871366,4.488607737847124,86.22,-39.414179024504094,-0.0010050779020993265,-383.22406265524955,-0.009772372442111755
linear-reduction,110011,3437,cc,89.6236252980873,4.4956189604265555,86.59,-39.09937015511153,-0.0010735204923200616,-380.1631760181506,-0.010437839746827958
no-reduction,110100,3435,cc,32.98956488938357,3.4961912959866,99.60,-84.26932361103398,-0.00071723436347647,-1281.6100081383993,-0.010908058816931897
no-reduction,110100,3436,cc,33.2104019274855,3.50286313791962,99.55,-84.80867868015221,-0.0006652133396149767,-1289.8127897071006,-0.010116897075534374
no-reduction,110100,3437,cc,33.22352576200679,3.5032582322681987,99.54,-84.62390708434765,-0.0006956799775260472,-1287.0026908922973,-0.01058024893820489
structure-reduction,110100,3435,cc,34.96113055888342,3.554236888905282,99.54,-49.95385564321637,-0.0008804017686032199,-601.9939143564008,-0.010609721713437402
structure-reduction,110100,3436,cc,35.01802790894065,3.555863011992232,99.46,-49.83519844847361,-0.0009525747665078652,-600.5639765025484,-0.011479478511186286
structure-reduction,110100,3437,cc,35.14214757849942,3.559401195817504,99.42,-50.078003424740444,-0.0008918144460610409,-603.4900192715489,-0.010747255889481604
linear-reduction,110100,3435,cc,96.2889438565035,4.567353502830875,90.71,-40.45364413740595,-0.0010439215561064178,-393.330781948,-0.010150049290022702
linear-reduction,110100,3436,cc,97.61802963553232,4.581062206230842,91.16,-40.24085097264734,-0.0011257254079896713,-391.26179400704945,-0.010945428141883574
linear-reduction,110100,3437,cc,101.09007684817055,4.616011969361251,90.63,-40.87425341849233,-0.001016940485714558,-397.42036598800007,-0.009887712342602648
no-reduction,110101,3435,cc,33.216625869133914,3.5030505297651704,99.56,-83.70331456360572,-0.0006977806892225471,-1273.0018595406004,-0.010612197612041107
no-reduction,110101,3436,cc,33.12004043073807,3.500138550251159,99.55,-83.44894977665159,-0.0007120045411363348,-1269.1333526782005,-0.01082852106387195
no-reduction,110101,3437,cc,33.30064824931599,3.5055768637433458,99.54,-83.22397866199542,-0.0007188858250509195,-1265.7118794809478,-0.010933175070286908
structure-reduction,110101,3435,cc,35.074141281885474,3.5574641433477145,99.43,-48.96910281590746,-0.0008830802015218495,-590.1266580344995,-0.010641999508539807
structure-reduction,110101,3436,cc,35.52328555771058,3.5701884126556376,99.52,-49.003719216347335,-0.0008897386214457884,-590.543820276201,-0.010722240127043196
structure-reduction,110101,3437,cc,35.468193462803946,3.568636336076132,99.40,-49.304293339444804,-0.0008720019267720309,-594.1660390336497,-0.010508495219529743
linear-reduction,110101,3435,cc,93.78604424874393,4.5410160629467065,87.31,-39.77430335274585,-0.0010062694063036894,-386.7255514987502,-0.009783957437490772
linear-reduction,110101,3436,cc,92.54476833374761,4.527692509423334,85.71,-39.58621869016247,-0.001053530174666192,-384.89680432444936,-0.010243473888279385
linear-reduction,110101,3437,cc,92.51675165517902,4.527389727096848,86.27,-39.58926986797298,-0.0010506125176786595,-384.92647092630057,-0.010215105509389609
no-reduction,110110,3435,cc,32.72750168525596,3.48821575456569,99.51,-83.81152688155659,-0.0007348655693838572,-1274.6476065781503,-0.011176203011974395
no-reduction,110110,3436,cc,32.907788878673834,3.4937093737845193,99.59,-84.23724127816692,-0.00071321940380889,-1281.1220839789987,-0.010846997302827503
no-reduction,110110,3437,cc,33.15867544806147,3.5013043852009496,99.55,-84.66989466230027,-0.0007063069173635492,-1287.7020929716036,-0.010741868752723541
structure-reduction,110110,3435,cc,35.105097125461384,3.558346337178428,99.45,-49.79311392747488,-0.0009029781948539007,-600.0568159400005,-0.010881790226184357
structure-reduction,110110,3436,cc,34.93904250344706,3.553604900307719,99.48,-49.65776623026314,-0.0009424630921841252,-598.4257408409009,-0.011357622723910894
structure-reduction,110110,3437,cc,35.19404156096798,3.5608767944394817,99.44,-50.09762709960588,-0.0008742641452063511,-603.726504177351,-0.010535757213881737
linear-reduction,110110,3435,cc,98.83810504548332,4.593483208996958,90.64,-40.62677233418183,-0.001111302612502877,-395.0141074052493,-0.010805195301365469
linear-reduction,110110,3436,cc,97.949008384601,4.5844470206496775,89.64,-40.48377442271416,-0.0010980750031639613,-393.62373871205017,-0.010676583255763194
linear-reduction,110110,3437,cc,95.32799224607311,4.5573234951914205,90.68,-40.29099587892094,-0.001135689413365652,-391.74935293074907,-0.011042308166154237
no-reduction,110111,3435,cc,32.45936876477085,3.4799891153406994,99.58,-82.57645591361997,-0.0007428009853235296,-1255.8640297623028,-0.011296888785292903
no-reduction,110111,3436,cc,32.87452292102113,3.4926979784845273,99.39,-83.28334529871465,-0.0007100544006479224,-1266.6147569754958,-0.010798862352253927
no-reduction,110111,3437,cc,33.300056861117696,3.505559104526012,99.49,-83.94647494792426,-0.0006964228400158656,-1276.6999642455014,-0.010591546762381292
structure-reduction,110111,3435,cc,35.19305924109657,3.5608488825107254,99.43,-49.04079495490419,-0.000894781777324036,-590.9906200015502,-0.010783015198531958
structure-reduction,110111,3436,cc,35.237686070967555,3.562116136907809,99.38,-48.695467803406025,-0.0009406926331201839,-586.8290824988497,-0.011336286921731338
structure-reduction,110111,3437,cc,35.523811993396926,3.570203231999552,99.49,-49.34037900806592,-0.000870460404613224,-594.6009074261996,-0.010489918335993963
linear-reduction,110111,3435,cc,88.12760988582488,4.478785876419568,86.08,-39.104737190450535,-0.0011059249878347338,-380.21535970274977,-0.010752908656717115
linear-reduction,110111,3436,cc,90.75158987332456,4.508125992256784,84.70,-39.2644860857812,-0.0011175461551953172,-381.76859821204937,-0.010865901266964068
linear-reduction,110111,3437,cc,93.51778003715003,4.5381515790414975,87.24,-39.61682861797272,-0.0010919219328071963,-385.1944246525509,-0.010616756952684367
no-reduction,111000,3435,cc,33.132520363601955,3.5005152883835984,99.56,-80.53148791204592,-0.0010516082216749574,-1224.763133910351,-0.01599338363934359
no-reduction,111000,3436,cc,33.136018936772395,3.500620876139436,99.53,-80.75713271474856,-0.0010453206433741371,-1228.1948528922485,-0.015897759004755565
no-reduction,111000,3437,cc,33.17899256832782,3.5019169216831356,99.59,-80.43153411137826,-0.0011094900426855542,-1223.2429865328975,-0.016873679314183248
structure-reduction,111000,3435,cc,35.20910667099122,3.5613047613878783,99.38,-46.816993538353316,-0.0013841998662612398,-564.191589130701,-0.0166809925883142
structure-reduction,111000,3436,cc,34.93616775467929,3.5535226179429498,99.43,-46.68112356344701,-0.0013469974369269486,-562.5542200631003,-0.016232666112406653
structure-reduction,111000,3437,cc,34.98189665339905,3.5548306892011365,99.43,-46.49898568512567,-0.00147519984466804,-560.3592764914504,-0.017777633328094553
linear-reduction,111000,3435,cc,92.85559578716602,4.531045552941981,89.35,-38.579828951357484,-0.0018412667621832384,-375.11167689404994,-0.01790263672870763
linear-reduction,111000,3436,cc,96.94219297759716,4.574114852170817,90.24,-38.9918899526944,-0.0018328053304717468,-379.1181460100499,-0.017820366228176794
linear-reduction,111000,3437,cc,94.55279324953148,4.549158337233207,89.57,-38.81622109245591,-0.0017042187623027651,-377.4101176819502,-0.016570119025869787
no-reduction,111001,3435,cc,33.158547408424184,3.5013005237715418,99.56,-79.77490702981869,-0.0009731372596948566,-1213.2566735629998,-0.014799958014069227
no-reduction,111001,3436,cc,32.922263038411046,3.49414911701877,99.59,-79.4424473247332,-0.0010299971943903568,-1208.2004601381984,-0.015664712330885743
no-reduction,111001,3437,cc,33.211306842973755,3.5028903855019258,99.06,-79.97367292900027,-0.0010640082864620758,-1216.2796047407003,-0.01618197002465848
structure-reduction,111001,3435,cc,35.38633773361582,3.5663258059174576,99.50,-46.056279563247976,-0.0013749238940764974,-555.0242250166996,-0.01656920784751587
structure-reduction,111001,3436,cc,35.98957352281504,3.5832292721406245,98.96,-46.245089573890546,-0.0014059771862902316,-557.2995744549506,-0.016943431071983584
structure-reduction,111001,3437,cc,35.257909765305406,3.5626898945916117,99.52,-46.09067342763254,-0.0013257119614656194,-555.4387054763988,-0.01597615484762218
linear-reduction,111001,3435,cc,91.99999564149,4.52178852967393,83.91,-38.08355118682487,-0.001567910614212678,-370.2863681894993,-0.015244794901989869
linear-reduction,111001,3436,cc,90.52232550110895,4.505596510902741,83.61,-37.956440704278435,-0.0016255269259316772,-369.0504729677003,-0.0158049983008337
linear-reduction,111001,3437,cc,92.4170650859994,4.526311648672995,84.96,-38.41949358917506,-0.0014887621242917557,-373.55273616755125,-0.014475234134488741
no-reduction,111010,3435,cc,33.47843924136794,3.5109016268932987,99.57,-81.04176355308196,-0.001175475196053626,-1232.523660997048,-0.01787721451918157
no-reduction,111010,3436,cc,32.983702234399466,3.496013567786827,99.31,-80.75770326218897,-0.0010963439741823143,-1228.203530063,-0.016673747331351726
no-reduction,111010,3437,cc,33.04215676146655,3.4977842238064047,99.52,-80.64723008673717,-0.0010398627020889808,-1226.523398774148,-0.015814751904720266
structure-reduction,111010,3435,cc,34.68495115195127,3.546305908502736,99.43,-46.60750463103914,-0.0013645539062800758,-561.6670383086511,-0.016444239124581195
structure-reduction,111010,3436,cc,35.07269506769576,3.5574229094371015,99.48,-46.658862804493246,-0.0014091580627450778,-562.2859556569495,-0.016981763814140932
structure-reduction,111010,3437,cc,34.77816695432897,3.5489898035213883,99.51,-46.59907632818444,-0.0013677685993180818,-561.5654688309509,-0.016482979390382204
linear-reduction,111010,3435,cc,92.16239848226135,4.52355222180708,89.11,-38.6237621642549,-0.0018667650551730207,-375.5388395230505,-0.01815055663144728
linear-reduction,111010,3436,cc,93.4531009973239,4.5374597168429744,89.48,-38.917035819484674,-0.0016485941819151383,-378.3903392728499,-0.016029281230760892
linear-reduction,111010,3437,cc,92.81848761044755,4.530645839890665,89.14,-38.61532729326326,-0.0017875536989481852,-375.45682727239966,-0.017380384614873207
no-reduction,111011,3435,cc,32.81133725746329,3.4907741037609505,99.58,-79.40652291198343,-0.0010691043071876568,-1207.6541037069026,-0.016259472855863478
no-reduction,111011,3436,cc,32.71540847995558,3.487846174257984,99.57,-79.04236774595755,-0.0010686802540619735,-1202.115849864398,-0.016253023643901524
no-reduction,111011,3437,cc,33.11666303088923,3.500036570542772,99.64,-79.4420050043826,-0.0010752526816878987,-1208.19373310915,-0.01635298040945041
structure-reduction,111011,3435,cc,35.528230362545884,3.5703276019404613,99.20,-46.03430399845269,-0.0013332432511200996,-554.7593974853492,-0.01606691441924832
structure-reduction,111011,3436,cc,35.10918683352701,3.5584628293745926,99.39,-45.775013171836676,-0.0013775261606458337,-551.6346837337991,-0.01660056776194294
structure-reduction,111011,3437,cc,35.54915243273088,3.5709163144103484,99.49,-46.1064359344532,-0.0013439541743665265,-555.6286594460988,-0.01619599175529101
linear-reduction,111011,3435,cc,87.54120683759103,4.472109617795104,84.91,-37.819561486357095,-0.0015782888161597515,-367.7195963318501,-0.015345702159521267
linear-reduction,111011,3436,cc,88.40087884299999,4.481881911257076,84.03,-37.79769540706586,-0.0017140021794230702,-367.5069924429001,-0.016665243190530515
linear-reduction,111011,3437,cc,86.87084956087706,4.464422527904877,82.48,-37.7810074894788,-0.0015742269635447238,-367.3447358202001,-0.015306208766545348
no-reduction,111100,3435,cc,33.3116813432873,3.5059081265632974,99.59,-80.8581267473813,-0.0010187222297815054,-1229.7308206375499,-0.015493237031632023
no-reduction,111100,3436,cc,32.90732261170561,3.4936952047902663,99.57,-80.22814811691754,-0.001113333069937553,-1220.149790636148,-0.016932125994145272
no-reduction,111100,3437,cc,33.35945284697214,3.5073411758863804,99.56,-80.47104710521795,-0.0010906362640559664,-1223.843919899701,-0.016586941621895165
structure-reduction,111100,3435,cc,34.979638560236886,3.5547661367822667,99.46,-46.41991572849988,-0.0013817603563808503,-559.4064044441506,-0.016651594054745627
structure-reduction,111100,3436,cc,34.83756667214129,3.550696306610076,99.42,-46.20589522216835,-0.0015706124218453994,-556.8272433223503,-0.01892745029565891
structure-reduction,111100,3437,cc,35.20611382099906,3.5612197556185845,99.43,-46.585679241274555,-0.001427044855280109,-561.4040205366007,-0.017197317550980588
linear-reduction,111100,3435,cc,95.2143517813582,4.55613068444094,90.15,-38.87425570688577,-0.0017102750686302315,-377.9743882380495,-0.01662900449229174
linear-reduction,111100,3436,cc,96.46771168340489,4.56920835840154,89.51,-39.08699066853892,-0.0014994039090194013,-380.0428102701999,-0.014578704207395638
linear-reduction,111100,3437,cc,95.44249360921624,4.5585239049548,89.74,-38.79996190615549,-0.001891926863944672,-377.2520296135504,-0.018395204898134048
no-reduction,111101,3435,cc,33.09675575445659,3.499435264118858,99.29,-79.82403181121123,-0.0010605840139888416,-1214.0037878007988,-0.0161298919767493
no-reduction,111101,3436,cc,33.27244673063259,3.50472962897444,99.54,-79.41063517450411,-0.0009632825604815641,-1207.7166450514524,-0.014650082821083868
no-reduction,111101,3437,cc,32.95590758237743,3.4951705341763635,99.53,-79.33918276228137,-0.001173998774140229,-1206.6299610401509,-0.01785476035651167
structure-reduction,111101,3435,cc,35.5146596000338,3.569945557722263,99.47,-45.96503849013755,-0.0013621125082577785,-553.9246788446502,-0.01641481783701449
structure-reduction,111101,3436,cc,35.23115443576579,3.561930760359153,99.49,-45.865435907564226,-0.001423703359144517,-552.72436812205,-0.017157049181050574
structure-reduction,111101,3437,cc,35.417798944565654,3.5672144888248813,99.49,-45.87491668681006,-0.0012687598348461494,-552.8386209927494,-0.015289824769730944
linear-reduction,111101,3435,cc,88.46188775349852,4.482571812405773,83.78,-37.68198992533179,-0.0016649266086375355,-366.38198804400037,-0.01618808141578276
linear-reduction,111101,3436,cc,90.78924445745803,4.508540825479428,83.61,-38.0665399270698,-0.0015574535858604555,-370.1209677109002,-0.01514312121532121
linear-reduction,111101,3437,cc,87.88833403874816,4.476067077325203,84.33,-37.718568709729574,-0.0016858972940586934,-366.7376435647002,-0.016391979390132677
no-reduction,111110,3435,cc,33.6214607767419,3.515164576671954,99.54,-81.01624201863801,-0.0009897946790779052,-1232.1355167404486,-0.015053292376756318
no-reduction,111110,3436,cc,33.47021574055499,3.5106559609913766,99.48,-80.95796397513885,-0.0009859902315806116,-1231.249195115902,-0.01499543243699373
no-reduction,111110,3437,cc,33.01031184089336,3.496819992681836,99.57,-80.55997591845697,-0.00102771895085891,-1225.1963937558492,-0.01563006366413773
structure-reduction,111110,3435,cc,35.20090359621174,3.561071752621498,99.44,-46.60495958949878,-0.0013460416780008966,-561.636368013049,-0.016221148261588807
structure-reduction,111110,3436,cc,34.87079069231957,3.5516495358626403,99.45,-46.4181673587378,-0.0014143801777944324,-559.3853348401511,-0.017044695522600704
structure-reduction,111110,3437,cc,35.31057629264967,3.564182530754424,99.39,-46.597800757406084,-0.0013102659085442046,-561.5500969275005,-0.01579001446386621
linear-reduction,111110,3435,cc,96.80609864316155,4.572709994809956,88.97,-39.03972703887175,-0.0017890682237620941,-379.5832659989499,-0.017395110339638843
linear-reduction,111110,3436,cc,99.98981935833079,4.605068374388774,89.41,-39.142994904988214,-0.001796588019697232,-380.58733946119867,-0.017468225315516187
linear-reduction,111110,3437,cc,99.1093059300779,4.596223341367942,90.25,-39.43007883570393,-0.0016611562466884056,-383.37865651955013,-0.016151422186551363
no-reduction,111111,3435,cc,33.33694973621591,3.506666383521618,99.39,-79.91730869559098,-0.001032819256979997,-1215.422389296897,-0.015707631669780286
no-reduction,111111,3436,cc,33.435468045785974,3.509617254085574,98.42,-79.29432856108426,-0.001065800632769776,-1205.9477959212534,-0.01620922892347914
no-reduction,111111,3437,cc,32.87599793259348,3.492742845401274,99.54,-79.3089683445043,-0.0009704025998857155,-1206.1704450674029,-0.014758367940361904
structure-reduction,111111,3435,cc,35.35936789666727,3.565563361384188,99.31,-45.36569068142913,-0.0014859650515136114,-546.7019384019006,-0.017907364835790533
structure-reduction,111111,3436,cc,35.73388797144326,3.5760994814370304,99.01,-45.816581634133904,-0.0014861920203327586,-552.1356252729493,-0.01791010003703007
structure-reduction,111111,3437,cc,35.078076324037546,3.557576329171356,99.42,-45.66285361403218,-0.001337437611463946,-550.2830489027003,-0.016117460655752012
linear-reduction,111111,3435,cc,87.37194793602373,4.470174269311825,84.71,-37.768522035040796,-0.0016278607877656347,-367.2233397466998,-0.015827690439445267
linear-reduction,111111,3436,cc,87.83951873978303,4.475511498918605,84.17,-37.693097608088884,-0.0017731501596894763,-366.4899880434496,-0.017240339002660778
linear-reduction,111111,3437,cc,86.31649366459027,4.458020699927802,84.03,-37.42195363445454,-0.0017695749870689375,-363.8536551877997,-0.017205577599271278
